Date,Open,High,Low,Close,Adj Close,Volume,D/E,Profit Margin,EPS(diluted),P/B ratio
2020/1/2,5.860000134,5.880000114,5.840000153,5.869999886,5.197850704,72808500,0.892033521,2.66,0.25,0.87
2020/1/3,5.869999886,5.989999771,5.860000134,5.949999809,5.268690586,119856782,0.892033521,2.66,0.25,0.87
2020/1/6,6.03000021,6.28000021,6.019999981,6.230000019,5.516628742,301646124,0.892033521,2.66,0.25,0.87
2020/1/7,6.170000076,6.170000076,6.070000172,6.110000134,5.410369873,152681755,0.892033521,2.66,0.25,0.87
2020/1/8,6.230000019,6.230000019,6.230000019,6.230000019,5.516628742,215451333,0.892033521,2.66,0.25,0.87
2020/1/9,6.039999962,6.079999924,6,6.059999943,5.366095066,159983683,0.892033521,2.66,0.25,0.87
2020/1/10,6.039999962,6.039999962,5.960000038,5.989999771,5.30411005,92130621,0.892033521,2.66,0.25,0.87
2020/1/13,5.96999979,5.96999979,5.96999979,5.96999979,5.286400318,55118392,0.892033521,2.66,0.25,0.87
2020/1/14,5.949999809,5.949999809,5.949999809,5.949999809,5.268690586,44480419,0.892033521,2.66,0.25,0.87
2020/1/15,5.949999809,5.96999979,5.860000134,5.869999886,5.197850704,72014546,0.892033521,2.66,0.25,0.87
2020/1/16,5.880000114,5.889999866,5.809999943,5.829999924,5.162431717,57860992,0.892033521,2.66,0.25,0.87
2020/1/17,5.840000153,5.869999886,5.829999924,5.840000153,5.171286106,36667641,0.892033521,2.66,0.25,0.87
2020/1/20,5.849999905,5.860000134,5.809999943,5.849999905,5.180140972,53408389,0.892033521,2.66,0.25,0.87
2020/1/21,5.849999905,5.849999905,5.78000021,5.789999962,5.127011776,56028546,0.892033521,2.66,0.25,0.87
2020/1/22,5.760000229,5.769999981,5.710000038,5.739999771,5.082736492,66239738,0.892033521,2.66,0.25,0.87
2020/1/23,5.699999809,5.71999979,5.619999886,5.639999866,4.994187355,81444447,0.892033521,2.66,0.25,0.87
2020/2/3,5.139999866,5.289999962,5.079999924,5.130000114,4.542585373,227093729,0.892033521,2.66,0.25,0.87
2020/2/4,5.070000172,5.190000057,5.070000172,5.170000076,4.578005314,106459420,0.892033521,2.66,0.25,0.87
2020/2/5,5.170000076,5.269999981,5.130000114,5.210000038,4.613425732,102318674,0.892033521,2.66,0.25,0.87
2020/2/6,5.25,5.289999962,5.210000038,5.269999981,4.666554451,86647363,0.892033521,2.66,0.25,0.87
2020/2/7,5.239999771,5.28000021,5.210000038,5.28000021,4.675409794,61128263,0.892033521,2.66,0.25,0.87
2020/2/10,5.239999771,5.289999962,5.21999979,5.28000021,4.675409794,56130919,0.892033521,2.66,0.25,0.87
2020/2/11,5.269999981,5.340000153,5.260000229,5.300000191,4.693119526,71171722,0.892033521,2.66,0.25,0.87
2020/2/12,5.289999962,5.320000172,5.28000021,5.309999943,4.701973915,54500038,0.892033521,2.66,0.25,0.87
2020/2/13,5.329999924,5.349999905,5.28000021,5.28000021,4.675409794,53568587,0.892033521,2.66,0.25,0.87
2020/2/14,5.260000229,5.300000191,5.25,5.28000021,4.675409794,47917020,0.892033521,2.66,0.25,0.87
2020/2/17,5.289999962,5.380000114,5.269999981,5.380000114,4.763959408,84392095,0.892033521,2.66,0.25,0.87
2020/2/18,5.380000114,5.380000114,5.329999924,5.349999905,4.737393856,74201915,0.892033521,2.66,0.25,0.87
2020/2/19,5.349999905,5.360000134,5.320000172,5.329999924,4.719683647,74189083,0.892033521,2.66,0.25,0.87
2020/2/20,5.349999905,5.380000114,5.320000172,5.380000114,4.763959408,105637160,0.892033521,2.66,0.25,0.87
2020/2/21,5.349999905,5.380000114,5.340000153,5.369999886,4.755104542,113816298,0.892033521,2.66,0.25,0.87
2020/2/24,5.340000153,5.340000153,5.269999981,5.28000021,4.675409794,138156164,0.892033521,2.66,0.25,0.87
2020/2/25,5.199999809,5.21999979,5.150000095,5.190000057,4.595715046,150412876,0.892033521,2.66,0.25,0.87
2020/2/26,5.150000095,5.239999771,5.119999886,5.21999979,4.622279644,160220097,0.892033521,2.66,0.25,0.87
2020/2/27,5.199999809,5.210000038,5.159999847,5.170000076,4.578005314,136252257,0.892033521,2.66,0.25,0.87
2020/2/28,5.110000134,5.139999866,5.059999943,5.070000172,4.4894557,209149489,0.892033521,2.66,0.25,0.87
2020/3/2,5.110000134,5.179999828,5.099999905,5.170000076,4.578005314,139114686,0.892033521,2.66,0.25,0.87
2020/3/3,5.230000019,5.239999771,5.170000076,5.190000057,4.595715046,125035559,0.892033521,2.66,0.25,0.87
2020/3/4,5.179999828,5.190000057,5.150000095,5.179999828,4.586859703,89700352,0.892033521,2.66,0.25,0.87
2020/3/5,5.199999809,5.25,5.179999828,5.25,4.648844719,153980518,0.892033521,2.66,0.25,0.87
2020/3/6,5.199999809,5.21999979,5.170000076,5.199999809,4.604569912,109633592,0.892033521,2.66,0.25,0.87
2020/3/9,5.059999943,5.239999771,5.019999981,5.150000095,4.560295105,226621865,0.892033521,2.66,0.25,0.87
2020/3/10,5.099999905,5.159999847,5.059999943,5.150000095,4.560295105,135358732,0.892033521,2.66,0.25,0.87
2020/3/11,5.150000095,5.170000076,5.110000134,5.119999886,4.533730507,85888083,0.892033521,2.66,0.25,0.87
2020/3/12,5.079999924,5.110000134,5.059999943,5.070000172,4.4894557,94317442,0.892033521,2.66,0.25,0.87
2020/3/13,5,5.079999924,4.920000076,5.039999962,4.462891102,134749475,0.892033521,2.66,0.25,0.87
2020/3/16,5.050000191,5.130000114,5.019999981,5.03000021,4.454036236,117961612,0.892033521,2.66,0.25,0.87
2020/3/17,5.010000229,5.059999943,4.949999809,5.010000229,4.436326027,95482098,0.892033521,2.66,0.25,0.87
2020/3/18,5.010000229,5.03000021,4.949999809,4.949999809,4.383195877,86839957,0.892033521,2.66,0.25,0.87
2020/3/19,4.940000057,4.960000038,4.849999905,4.880000114,4.321211815,130684222,0.892033521,2.66,0.25,0.87
2020/3/20,4.920000076,4.940000057,4.869999886,4.909999847,4.34777689,103204371,0.892033521,2.66,0.25,0.87
2020/3/23,4.840000153,4.849999905,4.800000191,4.809999943,4.259226799,106705582,0.892033521,2.66,0.25,0.87
2020/3/24,4.840000153,4.869999886,4.800000191,4.840000153,4.285791397,105155949,0.892033521,2.66,0.25,0.87
2020/3/25,4.869999886,4.880000114,4.840000153,4.860000134,4.30350256,151650210,0.892033521,2.66,0.25,0.87
2020/3/26,4.849999905,4.849999905,4.78000021,4.789999962,4.241517544,155892679,0.892033521,2.66,0.25,0.87
2020/3/27,4.800000191,4.809999943,4.730000019,4.739999771,4.197242737,209053431,0.892033521,2.66,0.25,0.87
2020/3/30,4.690000057,4.690000057,4.610000134,4.619999886,4.090982914,146020918,0.892033521,2.66,0.25,0.87
2020/3/31,4.639999866,4.650000095,4.599999905,4.619999886,4.090982914,183554957,0.892033521,2.66,0.25,0.87
2020/4/1,4.610000134,4.619999886,4.539999962,4.550000191,4.028999329,186412968,0.908906893,-2.62,-0.09,0.69
2020/4/2,4.519999981,4.739999771,4.489999771,4.710000038,4.170677662,412537466,0.908906893,-2.62,-0.09,0.69
2020/4/3,4.730000019,4.730000019,4.610000134,4.630000114,4.099838257,279856007,0.908906893,-2.62,-0.09,0.69
2020/4/7,4.679999828,4.699999809,4.650000095,4.670000076,4.135258198,249824945,0.908906893,-2.62,-0.09,0.69
2020/4/8,4.639999866,4.659999847,4.610000134,4.639999866,4.108692646,193838632,0.908906893,-2.62,-0.09,0.69
2020/4/9,4.670000076,4.679999828,4.630000114,4.650000095,4.117547512,132237118,0.908906893,-2.62,-0.09,0.69
2020/4/10,4.650000095,4.650000095,4.579999924,4.599999905,4.073273659,164753045,0.908906893,-2.62,-0.09,0.69
2020/4/13,4.619999886,4.639999866,4.579999924,4.579999924,4.055562973,113647632,0.908906893,-2.62,-0.09,0.69
2020/4/14,4.590000153,4.599999905,4.559999943,4.590000153,4.06441927,128355795,0.908906893,-2.62,-0.09,0.69
2020/4/15,4.570000172,4.570000172,4.550000191,4.550000191,4.028999329,112297162,0.908906893,-2.62,-0.09,0.69
2020/4/16,4.53000021,4.539999962,4.510000229,4.53000021,4.011289597,116651794,0.908906893,-2.62,-0.09,0.69
2020/4/17,4.539999962,4.579999924,4.539999962,4.550000191,4.028999329,124297105,0.908906893,-2.62,-0.09,0.69
2020/4/20,4.53000021,4.570000172,4.510000229,4.550000191,4.028999329,102497802,0.908906893,-2.62,-0.09,0.69
2020/4/21,4.519999981,4.53000021,4.5,4.510000229,3.993578911,109960957,0.908906893,-2.62,-0.09,0.69
2020/4/22,4.46999979,4.46999979,4.429999828,4.460000038,3.949304342,136997191,0.908906893,-2.62,-0.09,0.69
2020/4/23,4.480000019,4.590000153,4.480000019,4.550000191,4.028999329,185032553,0.908906893,-2.62,-0.09,0.69
2020/4/24,4.550000191,4.559999943,4.480000019,4.480000019,3.967014074,106711101,0.908906893,-2.62,-0.09,0.69
2020/4/27,4.46999979,4.5,4.449999809,4.449999809,3.940448761,75706314,0.908906893,-2.62,-0.09,0.69
2020/4/28,4.440000057,4.449999809,4.329999924,4.360000134,3.860754728,128594575,0.908906893,-2.62,-0.09,0.69
2020/4/29,4.369999886,4.409999847,4.369999886,4.380000114,3.878464937,60415182,0.908906893,-2.62,-0.09,0.69
2020/4/30,4.380000114,4.460000038,4.369999886,4.440000057,3.93159461,85973295,0.908906893,-2.62,-0.09,0.69
2020/5/6,4.440000057,4.489999771,4.420000076,4.46999979,3.958159447,88177097,0.908906893,-2.62,-0.09,0.69
2020/5/7,4.46999979,4.480000019,4.440000057,4.449999809,3.940448761,61056105,0.908906893,-2.62,-0.09,0.69
2020/5/8,4.46999979,4.480000019,4.460000038,4.46999979,3.958159447,55870408,0.908906893,-2.62,-0.09,0.69
2020/5/11,4.480000019,4.489999771,4.460000038,4.46999979,3.958159447,55730677,0.908906893,-2.62,-0.09,0.69
2020/5/12,4.46999979,4.46999979,4.420000076,4.429999828,3.922739267,52202891,0.908906893,-2.62,-0.09,0.69
2020/5/13,4.429999828,4.429999828,4.400000095,4.429999828,3.922739267,44111721,0.908906893,-2.62,-0.09,0.69
2020/5/14,4.420000076,4.420000076,4.400000095,4.400000095,3.896174669,43927251,0.908906893,-2.62,-0.09,0.69
2020/5/15,4.420000076,4.429999828,4.409999847,4.420000076,3.91388464,41088010,0.908906893,-2.62,-0.09,0.69
2020/5/18,4.449999809,4.460000038,4.429999828,4.440000057,3.93159461,61974604,0.908906893,-2.62,-0.09,0.69
2020/5/19,4.480000019,4.510000229,4.460000038,4.460000038,3.949304342,89322364,0.908906893,-2.62,-0.09,0.69
2020/5/20,4.460000038,4.460000038,4.420000076,4.429999828,3.922739267,59975700,0.908906893,-2.62,-0.09,0.69
2020/5/21,4.449999809,4.46999979,4.420000076,4.449999809,3.940448761,76749769,0.908906893,-2.62,-0.09,0.69
2020/5/22,4.440000057,4.440000057,4.360000134,4.369999886,3.869610071,93991808,0.908906893,-2.62,-0.09,0.69
2020/5/25,4.369999886,4.369999886,4.329999924,4.340000153,3.843044996,61514353,0.908906893,-2.62,-0.09,0.69
2020/5/26,4.340000153,4.360000134,4.329999924,4.349999905,3.851900101,64205918,0.908906893,-2.62,-0.09,0.69
2020/5/27,4.349999905,4.349999905,4.300000191,4.309999943,3.816480398,69391811,0.908906893,-2.62,-0.09,0.69
2020/5/28,4.300000191,4.329999924,4.28000021,4.289999962,3.798770189,88980863,0.908906893,-2.62,-0.09,0.69
2020/5/29,4.28000021,4.289999962,4.21999979,4.25,3.763350248,128335113,0.908906893,-2.62,-0.09,0.69
2020/6/1,4.260000229,4.300000191,4.25,4.289999962,3.798770189,93876816,0.908906893,-2.62,-0.09,0.69
2020/6/2,4.289999962,4.309999943,4.28000021,4.309999943,3.816480398,67477346,0.908906893,-2.62,-0.09,0.69
2020/6/3,4.329999924,4.369999886,4.329999924,4.340000153,3.843044996,75972862,0.908906893,-2.62,-0.09,0.69
2020/6/4,4.340000153,4.349999905,4.300000191,4.320000172,3.825335264,57364217,0.908906893,-2.62,-0.09,0.69
2020/6/5,4.309999943,4.309999943,4.28000021,4.300000191,3.807625294,51673183,0.908906893,-2.62,-0.09,0.69
2020/6/8,4.349999905,4.360000134,4.329999924,4.340000153,3.843044996,80871474,0.908906893,-2.62,-0.09,0.69
2020/6/9,4.349999905,4.349999905,4.329999924,4.349999905,3.851900101,59692860,0.908906893,-2.62,-0.09,0.69
2020/6/10,4.340000153,4.349999905,4.309999943,4.320000172,3.825335264,50783402,0.908906893,-2.62,-0.09,0.69
2020/6/11,4.309999943,4.320000172,4.269999981,4.28000021,3.789915085,62477333,0.908906893,-2.62,-0.09,0.69
2020/6/12,4.230000019,4.269999981,4.21999979,4.260000229,3.772205591,81579721,0.908906893,-2.62,-0.09,0.69
2020/6/15,4.239999771,4.25,4.21999979,4.230000019,3.745640755,55518983,0.908906893,-2.62,-0.09,0.69
2020/6/16,4.25,4.28000021,4.230000019,4.269999981,3.781060457,62021404,0.908906893,-2.62,-0.09,0.69
2020/6/17,4.25,4.260000229,4.230000019,4.25,3.763350248,52009560,0.908906893,-2.62,-0.09,0.69
2020/6/18,4.239999771,4.320000172,4.230000019,4.289999962,3.798770189,79832736,0.908906893,-2.62,-0.09,0.69
2020/6/19,4.269999981,4.309999943,4.25,4.300000191,3.807625294,79035747,0.908906893,-2.62,-0.09,0.69
2020/6/22,4.300000191,4.309999943,4.269999981,4.269999981,3.781060457,60774765,0.908906893,-2.62,-0.09,0.69
2020/6/23,4.28000021,4.28000021,4.25,4.260000229,3.772205591,53115905,0.908906893,-2.62,-0.09,0.69
2020/6/24,4.260000229,4.269999981,4.25,4.260000229,3.772205591,52723594,0.908906893,-2.62,-0.09,0.69
2020/6/29,4.260000229,4.269999981,4.230000019,4.239999771,3.754495621,54861604,0.908906893,-2.62,-0.09,0.69
2020/6/30,4.199999809,4.199999809,4.179999828,4.190000057,3.730969906,47947188,0.908906893,-2.62,-0.09,0.69
2020/7/1,4.190000057,4.260000229,4.179999828,4.25,3.78439641,86165989,0.911680523,-2.51,-0.16,0.63
2020/7/2,4.239999771,4.329999924,4.230000019,4.320000172,3.846728086,153857647,0.911680523,-2.51,-0.16,0.63
2020/7/3,4.329999924,4.449999809,4.320000172,4.420000076,3.935772657,222616461,0.911680523,-2.51,-0.16,0.63
2020/7/6,4.440000057,4.739999771,4.440000057,4.71999979,4.202906609,443275190,0.911680523,-2.51,-0.16,0.63
2020/7/7,4.769999981,4.880000114,4.659999847,4.699999809,4.185097694,397893345,0.911680523,-2.51,-0.16,0.63
2020/7/8,4.670000076,4.690000057,4.579999924,4.670000076,4.158384323,270532624,0.911680523,-2.51,-0.16,0.63
2020/7/9,4.679999828,4.769999981,4.630000114,4.739999771,4.220715046,261168874,0.911680523,-2.51,-0.16,0.63
2020/7/10,4.699999809,4.699999809,4.590000153,4.599999905,4.096053123,202448610,0.911680523,-2.51,-0.16,0.63
2020/7/13,4.590000153,4.659999847,4.570000172,4.630000114,4.122766495,173551732,0.911680523,-2.51,-0.16,0.63
2020/7/14,4.619999886,4.619999886,4.519999981,4.559999943,4.060434818,176757915,0.911680523,-2.51,-0.16,0.63
2020/7/15,4.579999924,4.599999905,4.480000019,4.489999771,3.99810338,150545694,0.911680523,-2.51,-0.16,0.63
2020/7/16,4.5,4.519999981,4.400000095,4.409999847,3.926867723,174747849,0.911680523,-2.51,-0.16,0.63
2020/7/17,4.400000095,4.429999828,4.360000134,4.389999866,3.909059048,114824684,0.911680523,-2.51,-0.16,0.63
2020/7/20,4.400000095,4.5,4.380000114,4.489999771,3.99810338,130034110,0.911680523,-2.51,-0.16,0.63
2020/7/21,4.5,4.519999981,4.449999809,4.46999979,3.980294943,84861965,0.911680523,-2.51,-0.16,0.63
2020/7/22,4.5,4.650000095,4.5,4.610000134,4.104957104,283144151,0.911680523,-2.51,-0.16,0.63
2020/7/23,4.579999924,4.599999905,4.480000019,4.539999962,4.042625904,177301977,0.911680523,-2.51,-0.16,0.63
2020/7/24,4.619999886,4.659999847,4.489999771,4.5,4.007008076,216125883,0.911680523,-2.51,-0.16,0.63
2020/7/27,4.510000229,4.53000021,4.420000076,4.460000038,3.971390486,104263759,0.911680523,-2.51,-0.16,0.63
2020/7/28,4.46999979,4.510000229,4.460000038,4.46999979,3.980294943,79414097,0.911680523,-2.51,-0.16,0.63
2020/7/29,4.449999809,4.510000229,4.420000076,4.5,4.007008076,90811197,0.911680523,-2.51,-0.16,0.63
2020/7/30,4.5,4.510000229,4.449999809,4.460000038,3.971390486,69025380,0.911680523,-2.51,-0.16,0.63
2020/7/31,4.440000057,4.510000229,4.420000076,4.449999809,3.962485313,99610118,0.911680523,-2.51,-0.16,0.63
2020/8/3,4.449999809,4.5,4.440000057,4.480000019,3.989199162,124056138,0.911680523,-2.51,-0.16,0.63
2020/8/4,4.489999771,4.550000191,4.460000038,4.53000021,4.033722401,138654129,0.911680523,-2.51,-0.16,0.63
2020/8/5,4.53000021,4.53000021,4.460000038,4.5,4.007008076,107714697,0.911680523,-2.51,-0.16,0.63
2020/8/6,4.53000021,4.550000191,4.489999771,4.53000021,4.033722401,141514626,0.911680523,-2.51,-0.16,0.63
2020/8/7,4.5,4.5,4.440000057,4.449999809,3.962485313,115958049,0.911680523,-2.51,-0.16,0.63
2020/8/10,4.449999809,4.480000019,4.429999828,4.46999979,3.980294943,79108815,0.911680523,-2.51,-0.16,0.63
2020/8/11,4.489999771,4.5,4.440000057,4.449999809,3.962485313,92287648,0.911680523,-2.51,-0.16,0.63
2020/8/12,4.429999828,4.46999979,4.409999847,4.460000038,3.971390486,98193925,0.911680523,-2.51,-0.16,0.63
2020/8/13,4.460000038,4.5,4.449999809,4.46999979,3.980294943,72893696,0.911680523,-2.51,-0.16,0.63
2020/8/14,4.46999979,4.489999771,4.440000057,4.480000019,3.989199162,63621909,0.911680523,-2.51,-0.16,0.63
2020/8/17,4.46999979,4.550000191,4.46999979,4.539999962,4.042625904,158287650,0.911680523,-2.51,-0.16,0.63
2020/8/18,4.539999962,4.550000191,4.510000229,4.53000021,4.033722401,93325518,0.911680523,-2.51,-0.16,0.63
2020/8/19,4.53000021,4.559999943,4.5,4.519999981,4.02481699,97898016,0.911680523,-2.51,-0.16,0.63
2020/8/20,4.519999981,4.519999981,4.449999809,4.460000038,3.971390486,101289920,0.911680523,-2.51,-0.16,0.63
2020/8/21,4.46999979,4.480000019,4.449999809,4.460000038,3.971390486,57202289,0.911680523,-2.51,-0.16,0.63
2020/8/24,4.46999979,4.480000019,4.449999809,4.460000038,3.971390486,60808981,0.911680523,-2.51,-0.16,0.63
2020/8/25,4.46999979,4.46999979,4.429999828,4.449999809,3.962485313,55872314,0.911680523,-2.51,-0.16,0.63
2020/8/26,4.449999809,4.460000038,4.420000076,4.429999828,3.944676876,65748886,0.911680523,-2.51,-0.16,0.63
2020/8/27,4.420000076,4.440000057,4.409999847,4.429999828,3.944676876,47470328,0.911680523,-2.51,-0.16,0.63
2020/8/28,4.409999847,4.449999809,4.400000095,4.449999809,3.962485313,79414758,0.911680523,-2.51,-0.16,0.63
2020/8/31,4.440000057,4.460000038,4.420000076,4.429999828,3.944676876,63957297,0.911680523,-2.51,-0.16,0.63
2020/9/1,4.420000076,4.429999828,4.389999866,4.409999847,3.926867723,71032894,0.911680523,-2.51,-0.16,0.63
2020/9/2,4.400000095,4.400000095,4.340000153,4.349999905,3.873441458,107928308,0.911680523,-2.51,-0.16,0.63
2020/9/3,4.329999924,4.369999886,4.309999943,4.309999943,3.837823629,84640042,0.911680523,-2.51,-0.16,0.63
2020/9/4,4.289999962,4.309999943,4.269999981,4.309999943,3.837823629,72138413,0.911680523,-2.51,-0.16,0.63
2020/9/7,4.300000191,4.320000172,4.28000021,4.28000021,3.811109781,62805500,0.911680523,-2.51,-0.16,0.63
2020/9/8,4.289999962,4.309999943,4.28000021,4.309999943,3.837823629,68232926,0.911680523,-2.51,-0.16,0.63
2020/9/9,4.28000021,4.300000191,4.260000229,4.28000021,3.811109781,75194851,0.911680523,-2.51,-0.16,0.63
2020/9/10,4.300000191,4.300000191,4.230000019,4.239999771,3.775492191,80951505,0.911680523,-2.51,-0.16,0.63
2020/9/11,4.230000019,4.260000229,4.210000038,4.239999771,3.775492191,57173409,0.911680523,-2.51,-0.16,0.63
2020/9/14,4.25,4.269999981,4.239999771,4.260000229,3.793301344,38679581,0.911680523,-2.51,-0.16,0.63
2020/9/15,4.260000229,4.269999981,4.230000019,4.239999771,3.775492191,43619502,0.911680523,-2.51,-0.16,0.63
2020/9/16,4.25,4.289999962,4.239999771,4.25,3.78439641,70086386,0.911680523,-2.51,-0.16,0.63
2020/9/17,4.260000229,4.28000021,4.21999979,4.230000019,3.766587734,82148861,0.911680523,-2.51,-0.16,0.63
2020/9/18,4.25,4.28000021,4.230000019,4.269999981,3.802205563,90199282,0.911680523,-2.51,-0.16,0.63
2020/9/21,4.28000021,4.28000021,4.25,4.25,3.78439641,62860331,0.911680523,-2.51,-0.16,0.63
2020/9/22,4.159999847,4.179999828,4.130000114,4.139999866,3.763867855,80997216,0.911680523,-2.51,-0.16,0.63
2020/9/23,4.139999866,4.150000095,4.110000134,4.110000134,3.736593723,51865100,0.911680523,-2.51,-0.16,0.63
2020/9/24,4.099999905,4.110000134,4.070000172,4.099999905,3.727501869,65893121,0.911680523,-2.51,-0.16,0.63
2020/9/25,4.099999905,4.110000134,4.079999924,4.090000153,3.71841073,35983562,0.911680523,-2.51,-0.16,0.63
2020/9/28,4.090000153,4.130000114,4.090000153,4.099999905,3.727501869,43686826,0.911680523,-2.51,-0.16,0.63
2020/9/29,4.110000134,4.110000134,4.090000153,4.090000153,3.71841073,37578762,0.911680523,-2.51,-0.16,0.63
2020/9/30,4.090000153,4.119999886,4.070000172,4.110000134,3.736593723,61408409,0.911680523,-2.51,-0.16,0.63
2020/10/9,4.119999886,4.139999866,4.119999886,4.130000114,3.754776955,54100576,0.885706436,1.45,0.06,0.63
2020/10/12,4.130000114,4.190000057,4.119999886,4.179999828,3.800234079,93048731,0.885706436,1.45,0.06,0.63
2020/10/13,4.170000076,4.170000076,4.139999866,4.150000095,3.772959471,43817109,0.885706436,1.45,0.06,0.63
2020/10/14,4.139999866,4.150000095,4.099999905,4.110000134,3.736593723,65172620,0.885706436,1.45,0.06,0.63
2020/10/15,4.099999905,4.119999886,4.090000153,4.110000134,3.736593723,50961732,0.885706436,1.45,0.06,0.63
2020/10/16,4.110000134,4.130000114,4.099999905,4.110000134,3.736593723,47526356,0.885706436,1.45,0.06,0.63
2020/10/19,4.110000134,4.150000095,4.099999905,4.110000134,3.736593723,74216150,0.885706436,1.45,0.06,0.63
2020/10/20,4.099999905,4.099999905,4.079999924,4.099999905,3.727501869,38608445,0.885706436,1.45,0.06,0.63
2020/10/21,4.099999905,4.110000134,4.079999924,4.110000134,3.736593723,50575344,0.885706436,1.45,0.06,0.63
2020/10/22,4.099999905,4.110000134,4.079999924,4.099999905,3.727501869,35413200,0.885706436,1.45,0.06,0.63
2020/10/23,4.099999905,4.150000095,4.099999905,4.119999886,3.745684862,81067392,0.885706436,1.45,0.06,0.63
2020/10/26,4.110000134,4.119999886,4.090000153,4.110000134,3.736593723,57819936,0.885706436,1.45,0.06,0.63
2020/10/27,4.090000153,4.099999905,4.079999924,4.099999905,3.727501869,47797393,0.885706436,1.45,0.06,0.63
2020/10/28,4.090000153,4.099999905,4.070000172,4.090000153,3.71841073,52160005,0.885706436,1.45,0.06,0.63
2020/10/29,4.070000172,4.070000172,4.039999962,4.050000191,3.682044983,63573298,0.885706436,1.45,0.06,0.63
2020/10/30,4.079999924,4.110000134,4.059999943,4.070000172,3.700227737,95492446,0.885706436,1.45,0.06,0.63
2020/11/2,4.059999943,4.079999924,4.039999962,4.059999943,3.691136122,64819536,0.885706436,1.45,0.06,0.63
2020/11/3,4.070000172,4.139999866,4.059999943,4.119999886,3.745684862,95688649,0.885706436,1.45,0.06,0.63
2020/11/4,4.119999886,4.130000114,4.090000153,4.110000134,3.736593723,58295954,0.885706436,1.45,0.06,0.63
2020/11/5,4.119999886,4.139999866,4.099999905,4.119999886,3.745684862,77021348,0.885706436,1.45,0.06,0.63
2020/11/6,4.119999886,4.150000095,4.099999905,4.130000114,3.754776955,101192107,0.885706436,1.45,0.06,0.63
2020/11/9,4.150000095,4.190000057,4.139999866,4.179999828,3.800234079,127064599,0.885706436,1.45,0.06,0.63
2020/11/10,4.230000019,4.28000021,4.190000057,4.199999809,3.818416357,182402909,0.885706436,1.45,0.06,0.63
2020/11/11,4.199999809,4.269999981,4.199999809,4.269999981,3.88205719,142254503,0.885706436,1.45,0.06,0.63
2020/11/12,4.260000229,4.269999981,4.21999979,4.21999979,3.83659935,76485691,0.885706436,1.45,0.06,0.63
2020/11/13,4.210000038,4.21999979,4.159999847,4.179999828,3.800234079,78219909,0.885706436,1.45,0.06,0.63
2020/11/16,4.190000057,4.25,4.170000076,4.25,3.863873959,99182712,0.885706436,1.45,0.06,0.63
2020/11/17,4.260000229,4.320000172,4.239999771,4.28000021,3.891148567,121867196,0.885706436,1.45,0.06,0.63
2020/11/18,4.260000229,4.289999962,4.239999771,4.260000229,3.872965813,91598550,0.885706436,1.45,0.06,0.63
2020/11/19,4.25,4.260000229,4.21999979,4.239999771,3.854782581,72451736,0.885706436,1.45,0.06,0.63
2020/11/20,4.230000019,4.239999771,4.199999809,4.239999771,3.854782581,75679042,0.885706436,1.45,0.06,0.63
2020/11/23,4.230000019,4.340000153,4.230000019,4.309999943,3.918423176,196908319,0.885706436,1.45,0.06,0.63
2020/11/24,4.309999943,4.340000153,4.28000021,4.329999924,3.936605692,122229169,0.885706436,1.45,0.06,0.63
2020/11/25,4.380000114,4.440000057,4.309999943,4.309999943,3.918423176,222786687,0.885706436,1.45,0.06,0.63
2020/11/26,4.309999943,4.340000153,4.28000021,4.289999962,3.900239944,105128053,0.885706436,1.45,0.06,0.63
2020/11/27,4.289999962,4.309999943,4.25,4.300000191,3.90933156,125167949,0.885706436,1.45,0.06,0.63
2020/11/30,4.309999943,4.369999886,4.269999981,4.309999943,3.918423176,190298550,0.885706436,1.45,0.06,0.63
2020/12/1,4.28000021,4.320000172,4.25,4.300000191,3.90933156,103898018,0.885706436,1.45,0.06,0.63
2020/12/2,4.289999962,4.329999924,4.269999981,4.300000191,3.90933156,85786652,0.885706436,1.45,0.06,0.63
2020/12/3,4.309999943,4.329999924,4.28000021,4.300000191,3.90933156,76602424,0.885706436,1.45,0.06,0.63
2020/12/4,4.300000191,4.309999943,4.260000229,4.289999962,3.900239944,81127889,0.885706436,1.45,0.06,0.63
2020/12/7,4.289999962,4.289999962,4.230000019,4.239999771,3.854782581,84910509,0.885706436,1.45,0.06,0.63
2020/12/8,4.239999771,4.260000229,4.199999809,4.210000038,3.82750845,60007714,0.885706436,1.45,0.06,0.63
2020/12/9,4.210000038,4.230000019,4.179999828,4.179999828,3.800234079,60396677,0.885706436,1.45,0.06,0.63
2020/12/10,4.179999828,4.210000038,4.179999828,4.190000057,3.809325457,62846049,0.885706436,1.45,0.06,0.63
2020/12/11,4.21999979,4.239999771,4.190000057,4.21999979,3.83659935,90635718,0.885706436,1.45,0.06,0.63
2020/12/14,4.199999809,4.239999771,4.170000076,4.190000057,3.809325457,64564180,0.885706436,1.45,0.06,0.63
2020/12/15,4.179999828,4.190000057,4.130000114,4.150000095,3.772959471,68078348,0.885706436,1.45,0.06,0.63
2020/12/16,4.150000095,4.170000076,4.139999866,4.150000095,3.772959471,43062070,0.885706436,1.45,0.06,0.63
2020/12/17,4.159999847,4.21999979,4.139999866,4.21999979,3.83659935,77813308,0.885706436,1.45,0.06,0.63
2020/12/18,4.210000038,4.28000021,4.199999809,4.260000229,3.872965813,98544928,0.885706436,1.45,0.06,0.63
2020/12/21,4.260000229,4.28000021,4.239999771,4.25,3.863873959,73250859,0.885706436,1.45,0.06,0.63
2020/12/22,4.230000019,4.239999771,4.130000114,4.139999866,3.763867855,100900143,0.885706436,1.45,0.06,0.63
2020/12/23,4.139999866,4.159999847,4.130000114,4.139999866,3.763867855,65782985,0.885706436,1.45,0.06,0.63
2020/12/24,4.170000076,4.170000076,4.130000114,4.159999847,3.782051086,54134886,0.885706436,1.45,0.06,0.63
2020/12/25,4.150000095,4.179999828,4.139999866,4.170000076,3.791142464,42183070,0.885706436,1.45,0.06,0.63
2020/12/28,4.159999847,4.179999828,4.119999886,4.139999866,3.763867855,75957196,0.885706436,1.45,0.06,0.63
2020/12/29,4.130000114,4.159999847,4.099999905,4.130000114,3.754776955,75961009,0.885706436,1.45,0.06,0.63
2020/12/30,4.119999886,4.139999866,4.110000134,4.130000114,3.754776955,50012566,0.885706436,1.45,0.06,0.63
2020/12/31,4.130000114,4.159999847,4.119999886,4.150000095,3.772959471,61264087,0.885706436,1.45,0.06,0.63
2021/1/4,4.150000095,4.199999809,4.139999866,4.190000057,3.809325457,96907113,0.820489653,1.73,0.1,0.63
2021/1/5,4.170000076,4.179999828,4.130000114,4.179999828,3.800234079,81851611,0.820489653,1.73,0.1,0.63
2021/1/6,4.199999809,4.260000229,4.199999809,4.25,3.863873959,138665156,0.820489653,1.73,0.1,0.63
2021/1/7,4.25,4.25,4.199999809,4.25,3.863873959,113085133,0.820489653,1.73,0.1,0.63
2021/1/8,4.260000229,4.300000191,4.239999771,4.289999962,3.900239944,152421290,0.820489653,1.73,0.1,0.63
2021/1/11,4.289999962,4.300000191,4.210000038,4.21999979,3.83659935,119641410,0.820489653,1.73,0.1,0.63
2021/1/12,4.210000038,4.309999943,4.199999809,4.309999943,3.918423176,143888797,0.820489653,1.73,0.1,0.63
2021/1/13,4.309999943,4.389999866,4.289999962,4.360000134,3.963880062,185290946,0.820489653,1.73,0.1,0.63
2021/1/14,4.329999924,4.389999866,4.309999943,4.329999924,3.936605692,128560607,0.820489653,1.73,0.1,0.63
2021/1/15,4.349999905,4.369999886,4.269999981,4.28000021,3.891148567,146794503,0.820489653,1.73,0.1,0.63
2021/1/18,4.25,4.28000021,4.239999771,4.25,3.863873959,90718352,0.820489653,1.73,0.1,0.63
2021/1/19,4.25,4.289999962,4.239999771,4.260000229,3.872965813,74803843,0.820489653,1.73,0.1,0.63
2021/1/20,4.269999981,4.309999943,4.230000019,4.269999981,3.88205719,81031637,0.820489653,1.73,0.1,0.63
2021/1/21,4.25,4.28000021,4.239999771,4.25,3.863873959,71767521,0.820489653,1.73,0.1,0.63
2021/1/22,4.25,4.25,4.179999828,4.179999828,3.800234079,98588245,0.820489653,1.73,0.1,0.63
2021/1/25,4.179999828,4.179999828,4.130000114,4.150000095,3.772959471,79340697,0.820489653,1.73,0.1,0.63
2021/1/26,4.139999866,4.179999828,4.130000114,4.159999847,3.782051086,60511883,0.820489653,1.73,0.1,0.63
2021/1/27,4.159999847,4.179999828,4.139999866,4.150000095,3.772959471,72089555,0.820489653,1.73,0.1,0.63
2021/1/28,4.139999866,4.139999866,4.110000134,4.130000114,3.754776955,80810465,0.820489653,1.73,0.1,0.63
2021/1/29,4.130000114,4.130000114,4.079999924,4.090000153,3.71841073,85750155,0.820489653,1.73,0.1,0.63
2021/2/1,4.090000153,4.099999905,4.059999943,4.079999924,3.709319353,77991811,0.820489653,1.73,0.1,0.63
2021/2/2,4.090000153,4.119999886,4.079999924,4.090000153,3.71841073,63664326,0.820489653,1.73,0.1,0.63
2021/2/3,4.110000134,4.119999886,4.079999924,4.090000153,3.71841073,54129961,0.820489653,1.73,0.1,0.63
2021/2/4,4.110000134,4.110000134,4.050000191,4.090000153,3.71841073,81347240,0.820489653,1.73,0.1,0.63
2021/2/5,4.090000153,4.110000134,4.070000172,4.090000153,3.71841073,60496214,0.820489653,1.73,0.1,0.63
2021/2/8,4.099999905,4.119999886,4.079999924,4.119999886,3.745684862,70048415,0.820489653,1.73,0.1,0.63
2021/2/9,4.119999886,4.190000057,4.110000134,4.170000076,3.791142464,100174773,0.820489653,1.73,0.1,0.63
2021/2/10,4.159999847,4.21999979,4.150000095,4.199999809,3.818416357,89065007,0.820489653,1.73,0.1,0.63
2021/2/18,4.429999828,4.480000019,4.349999905,4.380000114,3.982063293,453701363,0.820489653,1.73,0.1,0.63
2021/2/19,4.340000153,4.360000134,4.289999962,4.320000172,3.927514553,209440542,0.820489653,1.73,0.1,0.63
2021/2/22,4.340000153,4.53000021,4.329999924,4.449999809,4.045703411,360095877,0.820489653,1.73,0.1,0.63
2021/2/23,4.539999962,4.539999962,4.449999809,4.480000019,4.072977543,262327277,0.820489653,1.73,0.1,0.63
2021/2/24,4.480000019,4.480000019,4.300000191,4.360000134,3.963880062,221193140,0.820489653,1.73,0.1,0.63
2021/2/25,4.429999828,4.5,4.409999847,4.429999828,4.027520657,190364182,0.820489653,1.73,0.1,0.63
2021/2/26,4.369999886,4.409999847,4.349999905,4.360000134,3.963880062,129860843,0.820489653,1.73,0.1,0.63
2021/3/1,4.389999866,4.400000095,4.329999924,4.369999886,3.972971678,112500173,0.820489653,1.73,0.1,0.63
2021/3/2,4.340000153,4.349999905,4.260000229,4.269999981,3.88205719,158120480,0.820489653,1.73,0.1,0.63
2021/3/3,4.28000021,4.329999924,4.260000229,4.309999943,3.918423176,103706925,0.820489653,1.73,0.1,0.63
2021/3/4,4.320000172,4.369999886,4.309999943,4.329999924,3.936605692,120797848,0.820489653,1.73,0.1,0.63
2021/3/5,4.389999866,4.429999828,4.340000153,4.420000076,4.018429279,212177099,0.820489653,1.73,0.1,0.63
2021/3/8,4.53000021,4.579999924,4.489999771,4.510000229,4.100252628,317476844,0.820489653,1.73,0.1,0.63
2021/3/9,4.480000019,4.519999981,4.409999847,4.46999979,4.063886642,198175668,0.820489653,1.73,0.1,0.63
2021/3/10,4.460000038,4.46999979,4.389999866,4.389999866,3.991154432,116971016,0.820489653,1.73,0.1,0.63
2021/3/11,4.420000076,4.449999809,4.389999866,4.440000057,4.036612511,106602200,0.820489653,1.73,0.1,0.63
2021/3/12,4.460000038,4.480000019,4.409999847,4.449999809,4.045703411,108147674,0.820489653,1.73,0.1,0.63
2021/3/15,4.429999828,4.519999981,4.429999828,4.510000229,4.100252628,143431847,0.820489653,1.73,0.1,0.63
2021/3/16,4.489999771,4.5,4.440000057,4.46999979,4.063886642,92965905,0.820489653,1.73,0.1,0.63
2021/3/17,4.449999809,4.449999809,4.389999866,4.440000057,4.036612511,92878001,0.820489653,1.73,0.1,0.63
2021/3/18,4.429999828,4.440000057,4.409999847,4.409999847,4.009337425,77613380,0.820489653,1.73,0.1,0.63
2021/3/19,4.320000172,4.360000134,4.300000191,4.320000172,3.927514553,146109801,0.820489653,1.73,0.1,0.63
2021/3/22,4.309999943,4.360000134,4.300000191,4.360000134,3.963880062,75187588,0.820489653,1.73,0.1,0.63
2021/3/23,4.349999905,4.349999905,4.309999943,4.320000172,3.927514553,63729753,0.820489653,1.73,0.1,0.63
2021/3/24,4.289999962,4.300000191,4.260000229,4.269999981,3.88205719,88091142,0.820489653,1.73,0.1,0.63
2021/3/25,4.300000191,4.320000172,4.28000021,4.28000021,3.891148567,65311351,0.820489653,1.73,0.1,0.63
2021/3/26,4.289999962,4.309999943,4.269999981,4.289999962,3.900239944,59173993,0.820489653,1.73,0.1,0.63
2021/3/29,4.309999943,4.340000153,4.289999962,4.300000191,3.90933156,85542117,0.820489653,1.73,0.1,0.63
2021/3/30,4.309999943,4.320000172,4.289999962,4.300000191,3.90933156,69064287,0.820489653,1.73,0.1,0.63
2021/3/31,4.289999962,4.309999943,4.269999981,4.300000191,3.90933156,73192943,0.820489653,1.73,0.1,0.63
2021/4/1,4.289999962,4.289999962,4.269999981,4.28000021,3.891148567,60253780,0.810364941,5.73,0.15,0.65
2021/4/2,4.300000191,4.300000191,4.269999981,4.28000021,3.891148567,65511675,0.810364941,5.73,0.15,0.65
2021/4/6,4.269999981,4.28000021,4.239999771,4.25,3.863873959,63693232,0.810364941,5.73,0.15,0.65
2021/4/7,4.239999771,4.28000021,4.239999771,4.269999981,3.88205719,69200985,0.810364941,5.73,0.15,0.65
2021/4/8,4.260000229,4.28000021,4.25,4.260000229,3.872965813,61459554,0.810364941,5.73,0.15,0.65
2021/4/9,4.25,4.289999962,4.25,4.269999981,3.88205719,70902434,0.810364941,5.73,0.15,0.65
2021/4/12,4.269999981,4.300000191,4.260000229,4.28000021,3.891148567,71342216,0.810364941,5.73,0.15,0.65
2021/4/13,4.28000021,4.289999962,4.230000019,4.25,3.863873959,72718016,0.810364941,5.73,0.15,0.65
2021/4/14,4.25,4.260000229,4.230000019,4.25,3.863873959,47314417,0.810364941,5.73,0.15,0.65
2021/4/15,4.269999981,4.269999981,4.25,4.269999981,3.88205719,61020370,0.810364941,5.73,0.15,0.65
2021/4/16,4.269999981,4.320000172,4.260000229,4.309999943,3.918423176,84298740,0.810364941,5.73,0.15,0.65
2021/4/19,4.309999943,4.309999943,4.28000021,4.289999962,3.900239944,92841650,0.810364941,5.73,0.15,0.65
2021/4/20,4.28000021,4.289999962,4.260000229,4.269999981,3.88205719,55123941,0.810364941,5.73,0.15,0.65
2021/4/21,4.260000229,4.269999981,4.230000019,4.230000019,3.845690966,81596140,0.810364941,5.73,0.15,0.65
2021/4/22,4.239999771,4.239999771,4.150000095,4.170000076,3.791142464,162949740,0.810364941,5.73,0.15,0.65
2021/4/23,4.170000076,4.179999828,4.150000095,4.170000076,3.791142464,56813040,0.810364941,5.73,0.15,0.65
2021/4/26,4.170000076,4.190000057,4.159999847,4.170000076,3.791142464,55434274,0.810364941,5.73,0.15,0.65
2021/4/27,4.170000076,4.170000076,4.119999886,4.139999866,3.763867855,59998330,0.810364941,5.73,0.15,0.65
2021/4/28,4.139999866,4.170000076,4.130000114,4.170000076,3.791142464,45653797,0.810364941,5.73,0.15,0.65
2021/4/29,4.179999828,4.210000038,4.170000076,4.199999809,3.818416357,69819050,0.810364941,5.73,0.15,0.65
2021/4/30,4.25,4.269999981,4.21999979,4.25,3.863873959,138481387,0.810364941,5.73,0.15,0.65
2021/5/6,4.28000021,4.409999847,4.269999981,4.380000114,3.982063293,270055045,0.810364941,5.73,0.15,0.65
2021/5/7,4.380000114,4.449999809,4.360000134,4.440000057,4.036612511,245375358,0.810364941,5.73,0.15,0.65
2021/5/10,4.46999979,4.590000153,4.46999979,4.579999924,4.163892269,321335771,0.810364941,5.73,0.15,0.65
2021/5/11,4.550000191,4.570000172,4.5,4.559999943,4.145709515,221170045,0.810364941,5.73,0.15,0.65
2021/5/12,4.559999943,4.690000057,4.550000191,4.690000057,4.263898849,246311948,0.810364941,5.73,0.15,0.65
2021/5/13,4.690000057,4.710000038,4.619999886,4.690000057,4.263898849,205380543,0.810364941,5.73,0.15,0.65
2021/5/14,4.639999866,4.679999828,4.579999924,4.650000095,4.227532864,203216228,0.810364941,5.73,0.15,0.65
2021/5/17,4.679999828,4.730000019,4.639999866,4.659999847,4.236624241,157231873,0.810364941,5.73,0.15,0.65
2021/5/18,4.710000038,4.889999866,4.690000057,4.869999886,4.427545071,286449853,0.810364941,5.73,0.15,0.65
2021/5/19,4.849999905,4.849999905,4.760000229,4.800000191,4.36390543,146280199,0.810364941,5.73,0.15,0.65
2021/5/20,4.710000038,4.710000038,4.610000134,4.659999847,4.236624241,180200326,0.810364941,5.73,0.15,0.65
2021/5/21,4.619999886,4.699999809,4.610000134,4.690000057,4.263898849,130572029,0.810364941,5.73,0.15,0.65
2021/5/24,4.710000038,4.730000019,4.599999905,4.619999886,4.200258255,136556725,0.810364941,5.73,0.15,0.65
2021/5/25,4.670000076,4.739999771,4.659999847,4.71999979,4.291172981,166266122,0.810364941,5.73,0.15,0.65
2021/5/26,4.710000038,4.710000038,4.659999847,4.679999828,4.254806995,99747776,0.810364941,5.73,0.15,0.65
2021/5/27,4.670000076,4.699999809,4.639999866,4.639999866,4.218441486,104585905,0.810364941,5.73,0.15,0.65
2021/5/28,4.670000076,4.710000038,4.650000095,4.670000076,4.245716095,78185313,0.810364941,5.73,0.15,0.65
2021/5/31,4.659999847,4.659999847,4.599999905,4.619999886,4.200258255,88406417,0.810364941,5.73,0.15,0.65
2021/6/1,4.630000114,4.71999979,4.610000134,4.710000038,4.282081604,128459929,0.810364941,5.73,0.15,0.65
2021/6/2,4.730000019,4.769999981,4.679999828,4.710000038,4.282081604,132293892,0.810364941,5.73,0.15,0.65
2021/6/3,4.760000229,4.820000172,4.739999771,4.75,4.31844759,132868875,0.810364941,5.73,0.15,0.65
2021/6/4,4.710000038,4.730000019,4.650000095,4.690000057,4.263898849,111174350,0.810364941,5.73,0.15,0.65
2021/6/7,4.730000019,4.760000229,4.71999979,4.75,4.31844759,106802570,0.810364941,5.73,0.15,0.65
2021/6/8,4.730000019,4.75,4.699999809,4.71999979,4.291172981,80919951,0.810364941,5.73,0.15,0.65
2021/6/9,4.760000229,4.900000095,4.75,4.889999866,4.445728302,228646166,0.810364941,5.73,0.15,0.65
2021/6/10,4.849999905,4.940000057,4.840000153,4.909999847,4.463911057,146494571,0.810364941,5.73,0.15,0.65
2021/6/11,4.929999828,5.309999943,4.920000076,5.190000057,4.718472004,439871268,0.810364941,5.73,0.15,0.65
2021/6/15,5.210000038,5.349999905,5.150000095,5.230000019,4.754837513,329884758,0.810364941,5.73,0.15,0.65
2021/6/16,5.329999924,5.429999828,5.210000038,5.309999943,4.827569962,327243836,0.810364941,5.73,0.15,0.65
2021/6/17,5.25,5.25,5.099999905,5.230000019,4.754837513,282219317,0.810364941,5.73,0.15,0.65
2021/6/18,5.150000095,5.210000038,5.090000153,5.150000095,4.682106495,196681969,0.810364941,5.73,0.15,0.65
2021/6/21,5.199999809,5.21999979,5.059999943,5.110000134,4.645740986,186233261,0.810364941,5.73,0.15,0.65
2021/6/22,5.199999809,5.449999809,5.190000057,5.380000114,4.891210079,301101530,0.810364941,5.73,0.15,0.65
2021/6/23,5.380000114,5.420000076,5.289999962,5.380000114,4.891210079,179770310,0.810364941,5.73,0.15,0.65
2021/6/24,5.380000114,5.420000076,5.320000172,5.389999866,4.900301456,132352359,0.810364941,5.73,0.15,0.65
2021/6/25,5.400000095,5.550000191,5.340000153,5.409999847,4.918484211,217172960,0.810364941,5.73,0.15,0.65
2021/6/28,5.480000019,5.519999981,5.349999905,5.349999905,4.863935947,160496395,0.810364941,5.73,0.15,0.65
2021/6/29,5.21999979,5.309999943,5.099999905,5.239999771,4.843066216,166082569,0.810364941,5.73,0.15,0.65
2021/6/30,5.25,5.309999943,5.199999809,5.289999962,4.889278889,104135616,0.810364941,5.73,0.15,0.65
2021/7/1,5.309999943,5.320000172,5.170000076,5.239999771,4.843066216,131834225,0.817859668,5.67,0.29,0.78
2021/7/2,5.349999905,5.440000057,5.210000038,5.230000019,4.833823204,228263366,0.817859668,5.67,0.29,0.78
2021/7/5,5.210000038,5.239999771,5.079999924,5.190000057,4.796854019,168500655,0.817859668,5.67,0.29,0.78
2021/7/6,5.239999771,5.269999981,5.210000038,5.25,4.85230875,108448875,0.817859668,5.67,0.29,0.78
2021/7/7,5.110000134,5.159999847,5.059999943,5.119999886,4.732156277,176769971,0.817859668,5.67,0.29,0.78
2021/7/8,5.050000191,5.090000153,4.940000057,4.989999771,4.612003803,201439206,0.817859668,5.67,0.29,0.78
2021/7/9,5.019999981,5.050000191,4.940000057,4.989999771,4.612003803,140322842,0.817859668,5.67,0.29,0.78
2021/7/12,5.050000191,5.059999943,4.920000076,4.929999828,4.556549072,151192147,0.817859668,5.67,0.29,0.78
2021/7/13,4.929999828,5,4.880000114,4.949999809,4.575033665,130243825,0.817859668,5.67,0.29,0.78
2021/7/14,4.949999809,4.960000038,4.860000134,4.880000114,4.510336399,132631065,0.817859668,5.67,0.29,0.78
2021/7/15,4.800000191,4.900000095,4.760000229,4.860000134,4.491851807,163533047,0.817859668,5.67,0.29,0.78
2021/7/16,4.820000172,4.860000134,4.800000191,4.820000172,4.454881668,109456278,0.817859668,5.67,0.29,0.78
2021/7/19,4.809999943,4.809999943,4.690000057,4.739999771,4.380940914,132306496,0.817859668,5.67,0.29,0.78
2021/7/20,4.650000095,4.710000038,4.579999924,4.699999809,4.343971729,189554043,0.817859668,5.67,0.29,0.78
2021/7/21,4.699999809,4.71999979,4.630000114,4.679999828,4.325486183,91956780,0.817859668,5.67,0.29,0.78
2021/7/22,4.75,4.840000153,4.71999979,4.739999771,4.380940914,168187865,0.817859668,5.67,0.29,0.78
2021/7/23,4.739999771,4.800000191,4.699999809,4.710000038,4.353213787,113808370,0.817859668,5.67,0.29,0.78
2021/7/26,4.710000038,4.71999979,4.599999905,4.630000114,4.279274464,140986148,0.817859668,5.67,0.29,0.78
2021/7/27,4.650000095,4.78000021,4.639999866,4.699999809,4.343971729,185250883,0.817859668,5.67,0.29,0.78
2021/7/28,4.650000095,4.730000019,4.579999924,4.650000095,4.297759056,156298096,0.817859668,5.67,0.29,0.78
2021/7/29,4.670000076,4.679999828,4.599999905,4.639999866,4.288516045,126760280,0.817859668,5.67,0.29,0.78
2021/7/30,4.639999866,4.730000019,4.599999905,4.679999828,4.325486183,120652888,0.817859668,5.67,0.29,0.78
2021/8/2,4.650000095,4.679999828,4.550000191,4.670000076,4.316244602,145445121,0.817859668,5.67,0.29,0.78
2021/8/3,4.599999905,4.630000114,4.570000172,4.579999924,4.233061314,128018000,0.817859668,5.67,0.29,0.78
2021/8/4,4.579999924,4.630000114,4.559999943,4.610000134,4.260788918,82971888,0.817859668,5.67,0.29,0.78
2021/8/5,4.570000172,4.599999905,4.550000191,4.559999943,4.214576721,99971248,0.817859668,5.67,0.29,0.78
2021/8/6,4.570000172,4.579999924,4.510000229,4.550000191,4.205334187,94095256,0.817859668,5.67,0.29,0.78
2021/8/9,4.510000229,4.570000172,4.5,4.539999962,4.196091652,80072142,0.817859668,5.67,0.29,0.78
2021/8/10,4.53000021,4.559999943,4.5,4.550000191,4.205334187,89859950,0.817859668,5.67,0.29,0.78
2021/8/11,4.570000172,4.639999866,4.570000172,4.610000134,4.260788918,143398923,0.817859668,5.67,0.29,0.78
2021/8/12,4.610000134,4.639999866,4.570000172,4.599999905,4.25154686,93787358,0.817859668,5.67,0.29,0.78
2021/8/13,4.599999905,4.610000134,4.539999962,4.550000191,4.205334187,95321927,0.817859668,5.67,0.29,0.78
2021/8/16,4.539999962,4.619999886,4.519999981,4.599999905,4.25154686,128490359,0.817859668,5.67,0.29,0.78
2021/8/17,4.590000153,4.619999886,4.510000229,4.53000021,4.186849594,141404592,0.817859668,5.67,0.29,0.78
2021/8/18,4.510000229,4.550000191,4.480000019,4.539999962,4.196091652,114550677,0.817859668,5.67,0.29,0.78
2021/8/19,4.5,4.510000229,4.429999828,4.440000057,4.103667259,141052508,0.817859668,5.67,0.29,0.78
2021/8/20,4.429999828,4.449999809,4.369999886,4.400000095,4.066697121,132496951,0.817859668,5.67,0.29,0.78
2021/8/23,4.389999866,4.460000038,4.389999866,4.429999828,4.094424248,100281056,0.817859668,5.67,0.29,0.78
2021/8/24,4.489999771,4.519999981,4.46999979,4.510000229,4.168364048,134590994,0.817859668,5.67,0.29,0.78
2021/8/25,4.539999962,4.610000134,4.5,4.610000134,4.260788918,136977460,0.817859668,5.67,0.29,0.78
2021/8/26,4.610000134,4.699999809,4.590000153,4.650000095,4.297759056,158848460,0.817859668,5.67,0.29,0.78
2021/8/27,4.670000076,4.730000019,4.650000095,4.730000019,4.371699333,164829467,0.817859668,5.67,0.29,0.78
2021/8/30,4.78000021,4.880000114,4.769999981,4.860000134,4.491851807,240349140,0.817859668,5.67,0.29,0.78
2021/8/31,4.840000153,4.949999809,4.78000021,4.940000057,4.56579113,216671818,0.817859668,5.67,0.29,0.78
2021/9/1,4.960000038,5,4.869999886,4.929999828,4.556549072,177335823,0.817859668,5.67,0.29,0.78
2021/9/2,4.920000076,4.989999771,4.889999866,4.960000038,4.584276676,147180093,0.817859668,5.67,0.29,0.78
2021/9/3,5.019999981,5.079999924,5.010000229,5.050000191,4.667459011,180042394,0.817859668,5.67,0.29,0.78
2021/9/6,5.03000021,5.099999905,5,5.010000229,4.630488873,133887827,0.817859668,5.67,0.29,0.78
2021/9/7,5.019999981,5.150000095,5,5.130000114,4.741398811,204743489,0.817859668,5.67,0.29,0.78
2021/9/8,5.099999905,5.230000019,5.079999924,5.159999847,4.769126415,143115301,0.817859668,5.67,0.29,0.78
2021/9/9,5.159999847,5.329999924,5.150000095,5.269999981,4.870793819,255254540,0.817859668,5.67,0.29,0.78
2021/9/10,5.239999771,5.300000191,5.159999847,5.190000057,4.796854019,211373070,0.817859668,5.67,0.29,0.78
2021/9/13,5.260000229,5.510000229,5.239999771,5.5,5.083371162,391445040,0.817859668,5.67,0.29,0.78
2021/9/14,5.53000021,5.989999771,5.460000038,5.710000038,5.277463436,660045926,0.817859668,5.67,0.29,0.78
2021/9/15,5.619999886,6.110000134,5.599999905,5.989999771,5.536252975,592728613,0.817859668,5.67,0.29,0.78
2021/9/16,6.150000095,6.190000057,5.860000134,5.949999809,5.499283314,541831229,0.817859668,5.67,0.29,0.78
2021/9/17,5.78000021,5.940000057,5.5,5.699999809,5.386265755,431724314,0.817859668,5.67,0.29,0.78
2021/9/22,5.630000114,6.150000095,5.579999924,6.110000134,5.773699284,490501184,0.817859668,5.67,0.29,0.78
2021/9/23,6.150000095,6.179999828,5.920000076,5.989999771,5.66030407,433737638,0.817859668,5.67,0.29,0.78
2021/9/24,6.050000191,6.25,5.940000057,5.96999979,5.641404629,370097507,0.817859668,5.67,0.29,0.78
2021/9/27,6.099999905,6.360000134,6.059999943,6.210000038,5.868195057,565182628,0.817859668,5.67,0.29,0.78
2021/9/28,6.300000191,6.489999771,6.090000153,6.489999771,6.132783413,558838749,0.817859668,5.67,0.29,0.78
2021/9/29,6.289999962,6.289999962,5.860000134,6.039999962,5.707552433,580119931,0.817859668,5.67,0.29,0.78
2021/9/30,5.940000057,6.070000172,5.789999962,6.010000229,5.67920351,331622535,0.817859668,5.67,0.29,0.78
2021/10/8,6.360000134,6.46999979,6.130000114,6.28000021,5.934342384,376290774,0.834633621,4.95,0.41,0.88
2021/10/11,6.329999924,6.389999866,6.110000134,6.150000095,5.811498165,263885657,0.834633621,4.95,0.41,0.88
2021/10/12,6.119999886,6.260000229,5.909999847,6,5.669754028,300847619,0.834633621,4.95,0.41,0.88
2021/10/13,5.900000095,5.929999828,5.539999962,5.75,5.433514118,383123761,0.834633621,4.95,0.41,0.88
2021/10/14,5.739999771,5.800000191,5.659999847,5.699999809,5.386265755,193726194,0.834633621,4.95,0.41,0.88
2021/10/15,5.75,6,5.679999828,5.949999809,5.622505665,301990121,0.834633621,4.95,0.41,0.88
2021/10/18,5.989999771,6.079999924,5.860000134,6.010000229,5.67920351,203643268,0.834633621,4.95,0.41,0.88
2021/10/19,5.900000095,5.989999771,5.840000153,5.960000038,5.631955147,180080788,0.834633621,4.95,0.41,0.88
2021/10/20,5.849999905,5.920000076,5.809999943,5.849999905,5.528009892,161208047,0.834633621,4.95,0.41,0.88
2021/10/21,5.909999847,5.980000019,5.849999905,5.880000114,5.556358814,154179771,0.834633621,4.95,0.41,0.88
2021/10/22,5.829999924,5.880000114,5.659999847,5.699999809,5.386265755,199879302,0.834633621,4.95,0.41,0.88
2021/10/25,5.760000229,6.019999981,5.699999809,5.909999847,5.58470726,215676103,0.834633621,4.95,0.41,0.88
2021/10/26,5.96999979,5.980000019,5.820000172,5.849999905,5.528009892,132676344,0.834633621,4.95,0.41,0.88
2021/10/27,5.820000172,5.900000095,5.739999771,5.809999943,5.490211487,148011878,0.834633621,4.95,0.41,0.88
2021/10/28,5.699999809,5.699999809,5.409999847,5.449999809,5.150025845,309001878,0.834633621,4.95,0.41,0.88
2021/10/29,5.510000229,5.53000021,5.329999924,5.480000019,5.178375244,216514984,0.834633621,4.95,0.41,0.88
2021/11/1,5.46999979,5.510000229,5.360000134,5.380000114,5.083879471,175052221,0.834633621,4.95,0.41,0.88
2021/11/2,5.429999828,5.440000057,5.159999847,5.269999981,4.979933739,208280649,0.834633621,4.95,0.41,0.88
2021/11/3,5.190000057,5.260000229,5.130000114,5.179999828,4.894887447,165409306,0.834633621,4.95,0.41,0.88
2021/11/4,5.099999905,5.110000134,5.010000229,5.070000172,4.790942192,204028543,0.834633621,4.95,0.41,0.88
2021/11/5,5.019999981,5.050000191,4.900000095,4.900000095,4.630298615,189981593,0.834633621,4.95,0.41,0.88
2021/11/8,4.949999809,5.03000021,4.909999847,4.929999828,4.658647537,154833469,0.834633621,4.95,0.41,0.88
2021/11/9,4.929999828,4.940000057,4.829999924,4.849999905,4.583050728,149191854,0.834633621,4.95,0.41,0.88
2021/11/10,4.900000095,4.909999847,4.789999962,4.849999905,4.583050728,178855653,0.834633621,4.95,0.41,0.88
2021/11/11,4.800000191,4.849999905,4.769999981,4.820000172,4.554702282,167893108,0.834633621,4.95,0.41,0.88
2021/11/12,4.829999924,4.849999905,4.78000021,4.809999943,4.545252323,145004216,0.834633621,4.95,0.41,0.88
2021/11/15,4.800000191,4.829999924,4.760000229,4.809999943,4.545252323,123106308,0.834633621,4.95,0.41,0.88
2021/11/16,4.809999943,4.849999905,4.769999981,4.769999981,4.507454395,172511911,0.834633621,4.95,0.41,0.88
2021/11/17,4.769999981,4.829999924,4.739999771,4.829999924,4.564151764,127566080,0.834633621,4.95,0.41,0.88
2021/11/18,4.78000021,4.809999943,4.760000229,4.769999981,4.507454395,136866113,0.834633621,4.95,0.41,0.88
2021/11/19,4.769999981,4.849999905,4.739999771,4.829999924,4.564151764,150205121,0.834633621,4.95,0.41,0.88
2021/11/22,4.789999962,4.849999905,4.78000021,4.849999905,4.583050728,171120839,0.834633621,4.95,0.41,0.88
2021/11/23,4.829999924,4.920000076,4.829999924,4.860000134,4.592500687,155065058,0.834633621,4.95,0.41,0.88
2021/11/24,4.920000076,5.019999981,4.920000076,4.949999809,4.677546501,170729997,0.834633621,4.95,0.41,0.88
2021/11/25,4.949999809,4.96999979,4.860000134,4.869999886,4.601950169,116386844,0.834633621,4.95,0.41,0.88
2021/11/26,4.849999905,4.849999905,4.75,4.769999981,4.507454395,154764664,0.834633621,4.95,0.41,0.88
2021/11/29,4.659999847,4.78000021,4.639999866,4.739999771,4.479105473,150200197,0.834633621,4.95,0.41,0.88
2021/11/30,4.730000019,4.78000021,4.690000057,4.710000038,4.45075655,120112740,0.834633621,4.95,0.41,0.88
2021/12/1,4.699999809,4.869999886,4.690000057,4.860000134,4.592500687,150573017,0.834633621,4.95,0.41,0.88
2021/12/2,4.829999924,4.949999809,4.820000172,4.889999866,4.620849609,125435150,0.834633621,4.95,0.41,0.88
2021/12/3,4.929999828,4.96999979,4.849999905,4.920000076,4.649198055,115217682,0.834633621,4.95,0.41,0.88
2021/12/6,4.909999847,4.96999979,4.880000114,4.889999866,4.620849609,100108172,0.834633621,4.95,0.41,0.88
2021/12/7,4.940000057,4.96999979,4.900000095,4.960000038,4.68699646,129564119,0.834633621,4.95,0.41,0.88
2021/12/8,4.989999771,5.039999962,4.96999979,5.010000229,4.734244347,140922137,0.834633621,4.95,0.41,0.88
2021/12/9,5.019999981,5.090000153,5,5.079999924,4.800391674,134619349,0.834633621,4.95,0.41,0.88
2021/12/10,5.059999943,5.059999943,4.929999828,4.96999979,4.696445942,159231077,0.834633621,4.95,0.41,0.88
2021/12/13,4.960000038,5.010000229,4.940000057,4.960000038,4.68699646,115811588,0.834633621,4.95,0.41,0.88
2021/12/14,4.940000057,4.940000057,4.820000172,4.860000134,4.592500687,158425015,0.834633621,4.95,0.41,0.88
2021/12/15,4.829999924,4.849999905,4.789999962,4.829999924,4.564151764,94357633,0.834633621,4.95,0.41,0.88
2021/12/16,4.849999905,4.949999809,4.840000153,4.940000057,4.668097496,134647190,0.834633621,4.95,0.41,0.88
2021/12/17,4.929999828,4.989999771,4.909999847,4.940000057,4.668097496,105737521,0.834633621,4.95,0.41,0.88
2021/12/20,4.880000114,4.900000095,4.849999905,4.849999905,4.583050728,106975700,0.834633621,4.95,0.41,0.88
2021/12/21,4.849999905,4.909999847,4.840000153,4.900000095,4.630298615,76004596,0.834633621,4.95,0.41,0.88
2021/12/22,4.929999828,4.989999771,4.889999866,4.889999866,4.620849609,109723930,0.834633621,4.95,0.41,0.88
2021/12/23,4.920000076,5.050000191,4.900000095,5.03000021,4.753143787,211651675,0.834633621,4.95,0.41,0.88
2021/12/24,5.039999962,5.050000191,4.929999828,4.940000057,4.668097496,107186965,0.834633621,4.95,0.41,0.88
2021/12/27,4.920000076,5,4.920000076,4.949999809,4.677546501,77364082,0.834633621,4.95,0.41,0.88
2021/12/28,5,5.019999981,4.909999847,4.929999828,4.658647537,114325369,0.834633621,4.95,0.41,0.88
2021/12/29,4.929999828,4.940000057,4.900000095,4.909999847,4.639748096,75112809,0.834633621,4.95,0.41,0.88
2021/12/30,4.920000076,4.949999809,4.900000095,4.900000095,4.630298615,90608053,0.834633621,4.95,0.41,0.88
2021/12/31,4.900000095,4.929999828,4.880000114,4.909999847,4.639748096,74548057,0.834633621,4.95,0.41,0.88
2022/1/4,4.920000076,4.949999809,4.900000095,4.940000057,4.668097496,124041416,0.775949455,4.39,0.5,0.72
2022/1/5,4.929999828,4.980000019,4.920000076,4.960000038,4.68699646,140126563,0.775949455,4.39,0.5,0.72
2022/1/6,4.940000057,5.019999981,4.920000076,4.980000019,4.705895901,143780027,0.775949455,4.39,0.5,0.72
2022/1/7,5.03000021,5.320000172,5.019999981,5.269999981,4.979933739,421615754,0.775949455,4.39,0.5,0.72
2022/1/10,5.230000019,5.369999886,5.170000076,5.300000191,5.008282661,270629782,0.775949455,4.39,0.5,0.72
2022/1/11,5.28000021,5.329999924,5.230000019,5.239999771,4.951584816,127473024,0.775949455,4.39,0.5,0.72
2022/1/12,5.380000114,5.440000057,5.289999962,5.329999924,5.036631107,280558623,0.775949455,4.39,0.5,0.72
2022/1/13,5.440000057,5.579999924,5.409999847,5.480000019,5.178375244,306367397,0.775949455,4.39,0.5,0.72
2022/1/14,5.460000038,5.460000038,5.28000021,5.289999962,4.998833179,210384911,0.775949455,4.39,0.5,0.72
2022/1/17,5.389999866,5.420000076,5.210000038,5.320000172,5.027181625,182212676,0.775949455,4.39,0.5,0.72
2022/1/18,5.320000172,5.519999981,5.300000191,5.489999771,5.187824726,240013773,0.775949455,4.39,0.5,0.72
2022/1/19,5.53000021,5.570000172,5.409999847,5.5,5.197274208,299087476,0.775949455,4.39,0.5,0.72
2022/1/20,5.289999962,5.440000057,5.25,5.400000095,5.102778435,273962817,0.775949455,4.39,0.5,0.72
2022/1/21,5.309999943,5.320000172,5.130000114,5.170000076,4.885437965,282994872,0.775949455,4.39,0.5,0.72
2022/1/24,5.199999809,5.320000172,5.159999847,5.300000191,5.008282661,156477117,0.775949455,4.39,0.5,0.72
2022/1/25,5.21999979,5.260000229,5.139999866,5.139999866,4.857089043,166905101,0.775949455,4.39,0.5,0.72
2022/1/26,5.25,5.289999962,5.179999828,5.28000021,4.989383698,180541543,0.775949455,4.39,0.5,0.72
2022/1/27,5.309999943,5.369999886,5.21999979,5.239999771,4.951584816,155682051,0.775949455,4.39,0.5,0.72
2022/1/28,5.230000019,5.269999981,4.989999771,5.019999981,4.743693829,290057098,0.775949455,4.39,0.5,0.72
2022/2/7,5.190000057,5.5,5.179999828,5.480000019,5.178375244,399682364,0.775949455,4.39,0.5,0.72
2022/2/8,5.409999847,5.550000191,5.389999866,5.53000021,5.225623131,247678610,0.775949455,4.39,0.5,0.72
2022/2/9,5.449999809,5.519999981,5.429999828,5.480000019,5.178375244,174885770,0.775949455,4.39,0.5,0.72
2022/2/10,5.489999771,5.610000134,5.429999828,5.519999981,5.216173649,217250216,0.775949455,4.39,0.5,0.72
2022/2/11,5.5,5.869999886,5.489999771,5.800000191,5.480762005,457650110,0.775949455,4.39,0.5,0.72
2022/2/14,5.989999771,6.039999962,5.760000229,5.820000172,5.499661446,331317041,0.775949455,4.39,0.5,0.72
2022/2/15,5.78000021,5.78000021,5.579999924,5.650000095,5.339017868,258532149,0.775949455,4.39,0.5,0.72
2022/2/16,5.5,5.670000076,5.449999809,5.639999866,5.329568386,237509303,0.775949455,4.39,0.5,0.72
2022/2/17,5.579999924,5.75,5.539999962,5.699999809,5.386265755,245660209,0.775949455,4.39,0.5,0.72
2022/2/18,5.610000134,5.670000076,5.539999962,5.630000114,5.320119381,188989889,0.775949455,4.39,0.5,0.72
2022/2/21,5.639999866,5.659999847,5.53000021,5.570000172,5.263421535,136993664,0.775949455,4.39,0.5,0.72
2022/2/22,5.699999809,5.800000191,5.639999866,5.800000191,5.480762005,370577473,0.775949455,4.39,0.5,0.72
2022/2/23,5.679999828,5.71999979,5.590000153,5.670000076,5.357917309,250608585,0.775949455,4.39,0.5,0.72
2022/2/24,5.670000076,6.079999924,5.630000114,5.909999847,5.58470726,607702744,0.775949455,4.39,0.5,0.72
2022/2/25,5.739999771,5.809999943,5.630000114,5.730000019,5.414615154,397493197,0.775949455,4.39,0.5,0.72
2022/2/28,5.75,5.880000114,5.730000019,5.769999981,5.452413082,258270622,0.775949455,4.39,0.5,0.72
2022/3/1,5.769999981,5.769999981,5.650000095,5.730000019,5.414615154,214210256,0.775949455,4.39,0.5,0.72
2022/3/2,5.920000076,5.960000038,5.809999943,5.840000153,5.518560886,327413548,0.775949455,4.39,0.5,0.72
2022/3/3,5.900000095,6.019999981,5.880000114,5.929999828,5.603606701,380417250,0.775949455,4.39,0.5,0.72
2022/3/4,5.849999905,5.889999866,5.75,5.809999943,5.490211487,244565628,0.775949455,4.39,0.5,0.72
2022/3/7,6,6.03000021,5.900000095,5.940000057,5.61305666,379340639,0.775949455,4.39,0.5,0.72
2022/3/8,5.880000114,6,5.760000229,5.900000095,5.575258255,306942766,0.775949455,4.39,0.5,0.72
2022/3/9,5.920000076,5.96999979,5.550000191,5.739999771,5.424064159,360225560,0.775949455,4.39,0.5,0.72
2022/3/10,5.550000191,5.679999828,5.5,5.659999847,5.34846735,296143422,0.775949455,4.39,0.5,0.72
2022/3/11,5.570000172,5.579999924,5.400000095,5.579999924,5.272871017,267913096,0.775949455,4.39,0.5,0.72
2022/3/14,5.460000038,5.630000114,5.449999809,5.460000038,5.159475803,177188189,0.775949455,4.39,0.5,0.72
2022/3/15,5.380000114,5.380000114,5,5,4.724794388,347531371,0.775949455,4.39,0.5,0.72
2022/3/16,5.019999981,5.099999905,4.860000134,5.079999924,4.800391674,283301719,0.775949455,4.39,0.5,0.72
2022/3/17,5.099999905,5.150000095,5.03000021,5.130000114,4.847639561,252972330,0.775949455,4.39,0.5,0.72
2022/3/18,5.210000038,5.300000191,5.190000057,5.25,4.961034298,235789522,0.775949455,4.39,0.5,0.72
2022/3/21,5.269999981,5.289999962,5.159999847,5.199999809,4.913786411,176933675,0.775949455,4.39,0.5,0.72
2022/3/22,5.269999981,5.369999886,5.269999981,5.349999905,5.055530071,210744022,0.775949455,4.39,0.5,0.72
2022/3/23,5.300000191,5.360000134,5.260000229,5.320000172,5.027181625,130049329,0.775949455,4.39,0.5,0.72
2022/3/24,5.409999847,5.46999979,5.340000153,5.349999905,5.055530071,157370770,0.775949455,4.39,0.5,0.72
2022/3/25,5.300000191,5.420000076,5.28000021,5.369999886,5.074429512,126648867,0.775949455,4.39,0.5,0.72
2022/3/28,5.400000095,5.639999866,5.360000134,5.559999943,5.253971577,249619217,0.775949455,4.39,0.5,0.72
2022/3/29,5.480000019,5.639999866,5.460000038,5.619999886,5.310669422,161280476,0.775949455,4.39,0.5,0.72
2022/3/30,5.599999905,5.599999905,5.449999809,5.53000021,5.225623131,200788855,0.775949455,4.39,0.5,0.72
2022/3/31,5.5,5.570000172,5.460000038,5.519999981,5.216173649,160490422,0.775949455,4.39,0.5,0.72
2022/4/1,5.400000095,5.5,5.340000153,5.46999979,5.168925285,178146739,0.797552753,5.6,0.21,0.81
2022/4/6,5.46999979,5.639999866,5.440000057,5.610000134,5.30121994,198105775,0.797552753,5.6,0.21,0.81
2022/4/7,5.559999943,5.679999828,5.550000191,5.559999943,5.253971577,159378475,0.797552753,5.6,0.21,0.81
2022/4/8,5.579999924,5.650000095,5.519999981,5.579999924,5.272871017,116766097,0.797552753,5.6,0.21,0.81
2022/4/11,5.599999905,5.659999847,5.46999979,5.5,5.197274208,144435608,0.797552753,5.6,0.21,0.81
2022/4/12,5.449999809,5.489999771,5.340000153,5.460000038,5.159475803,174259457,0.797552753,5.6,0.21,0.81
2022/4/13,5.510000229,5.590000153,5.5,5.519999981,5.216173649,158306477,0.797552753,5.6,0.21,0.81
2022/4/14,5.559999943,5.619999886,5.539999962,5.599999905,5.291769981,133318156,0.797552753,5.6,0.21,0.81
2022/4/15,5.670000076,5.699999809,5.539999962,5.539999962,5.235072613,130514686,0.797552753,5.6,0.21,0.81
2022/4/18,5.550000191,5.619999886,5.389999866,5.400000095,5.102778435,145985840,0.797552753,5.6,0.21,0.81
2022/4/19,5.400000095,5.610000134,5.369999886,5.599999905,5.291769981,218290612,0.797552753,5.6,0.21,0.81
2022/4/20,5.519999981,5.579999924,5.400000095,5.409999847,5.112227917,161246050,0.797552753,5.6,0.21,0.81
2022/4/21,5.409999847,5.460000038,5.119999886,5.159999847,4.875988007,279973221,0.797552753,5.6,0.21,0.81
2022/4/22,5.090000153,5.320000172,5.070000172,5.28000021,4.989383698,183162438,0.797552753,5.6,0.21,0.81
2022/4/25,5.179999828,5.260000229,5.039999962,5.050000191,4.772042751,217306551,0.797552753,5.6,0.21,0.81
2022/4/26,5.050000191,5.119999886,4.949999809,4.989999771,4.715345383,183424627,0.797552753,5.6,0.21,0.81
2022/4/27,4.989999771,5.090000153,4.960000038,5.079999924,4.800391674,185774041,0.797552753,5.6,0.21,0.81
2022/4/28,5.079999924,5.210000038,5.039999962,5.179999828,4.894887447,155100803,0.797552753,5.6,0.21,0.81
2022/4/29,5.25,5.389999866,5.170000076,5.380000114,5.083879471,203559721,0.797552753,5.6,0.21,0.81
2022/5/5,5.409999847,5.489999771,5.389999866,5.449999809,5.150025845,210120364,0.797552753,5.6,0.21,0.81
2022/5/6,5.340000153,5.369999886,5.239999771,5.289999962,4.998833179,138016440,0.797552753,5.6,0.21,0.81
2022/5/9,5.289999962,5.360000134,5.260000229,5.340000153,5.046081066,86649714,0.797552753,5.6,0.21,0.81
2022/5/10,5.150000095,5.199999809,5.070000172,5.179999828,4.894887447,224050374,0.797552753,5.6,0.21,0.81
2022/5/11,5.150000095,5.210000038,5.130000114,5.190000057,4.904337406,142339672,0.797552753,5.6,0.21,0.81
2022/5/12,5.210000038,5.230000019,5.099999905,5.130000114,4.847639561,127664030,0.797552753,5.6,0.21,0.81
2022/5/13,5.179999828,5.199999809,5.130000114,5.159999847,4.875988007,139908302,0.797552753,5.6,0.21,0.81
2022/5/16,5.199999809,5.210000038,5.130000114,5.170000076,4.885437965,104224779,0.797552753,5.6,0.21,0.81
2022/5/17,5.199999809,5.260000229,5.190000057,5.230000019,4.942135334,142940510,0.797552753,5.6,0.21,0.81
2022/5/18,5.199999809,5.210000038,5.130000114,5.179999828,4.894887447,124480813,0.797552753,5.6,0.21,0.81
2022/5/19,5.099999905,5.139999866,5.050000191,5.139999866,4.857089043,148689236,0.797552753,5.6,0.21,0.81
2022/5/20,5.150000095,5.21999979,5.130000114,5.21999979,4.932685375,158182090,0.797552753,5.6,0.21,0.81
2022/5/23,5.230000019,5.239999771,5.190000057,5.21999979,4.932685375,103424939,0.797552753,5.6,0.21,0.81
2022/5/24,5.230000019,5.289999962,5.170000076,5.179999828,4.894887447,158388401,0.797552753,5.6,0.21,0.81
2022/5/25,5.199999809,5.349999905,5.190000057,5.320000172,5.027181625,160125094,0.797552753,5.6,0.21,0.81
2022/5/26,5.349999905,5.380000114,5.28000021,5.360000134,5.06498003,113706252,0.797552753,5.6,0.21,0.81
2022/5/27,5.409999847,5.599999905,5.409999847,5.550000191,5.244522095,283364611,0.797552753,5.6,0.21,0.81
2022/5/30,5.590000153,5.630000114,5.489999771,5.53000021,5.225623131,150544309,0.797552753,5.6,0.21,0.81
2022/5/31,5.590000153,5.670000076,5.570000172,5.659999847,5.34846735,196761557,0.797552753,5.6,0.21,0.81
2022/6/1,5.599999905,5.610000134,5.5,5.550000191,5.244522095,119452325,0.797552753,5.6,0.21,0.81
2022/6/2,5.46999979,5.5,5.409999847,5.46999979,5.168925285,117270948,0.797552753,5.6,0.21,0.81
2022/6/6,5.579999924,5.579999924,5.449999809,5.5,5.197274208,168892065,0.797552753,5.6,0.21,0.81
2022/6/7,5.5,5.539999962,5.460000038,5.5,5.197274208,140688290,0.797552753,5.6,0.21,0.81
2022/6/8,5.53000021,5.639999866,5.519999981,5.639999866,5.329568386,176343726,0.797552753,5.6,0.21,0.81
2022/6/9,5.699999809,5.880000114,5.699999809,5.800000191,5.480762005,273842389,0.797552753,5.6,0.21,0.81
2022/6/10,5.739999771,5.909999847,5.71999979,5.889999866,5.565808296,209447419,0.797552753,5.6,0.21,0.81
2022/6/13,5.829999924,6.03000021,5.800000191,5.889999866,5.565808296,229769681,0.797552753,5.6,0.21,0.81
2022/6/14,5.840000153,6.21999979,5.820000172,6.210000038,5.868195057,414591965,0.797552753,5.6,0.21,0.81
2022/6/15,6.179999828,6.320000172,6.130000114,6.130000114,5.792598724,387524793,0.797552753,5.6,0.21,0.81
2022/6/16,6.099999905,6.139999866,5.889999866,5.920000076,5.594157219,297729640,0.797552753,5.6,0.21,0.81
2022/6/17,5.840000153,5.929999828,5.760000229,5.829999924,5.509110928,275674455,0.797552753,5.6,0.21,0.81
2022/6/20,5.690000057,5.690000057,5.389999866,5.449999809,5.150025845,516937377,0.797552753,5.6,0.21,0.81
2022/6/21,5.449999809,5.489999771,5.409999847,5.440000057,5.140576839,195210751,0.797552753,5.6,0.21,0.81
2022/6/22,5.449999809,5.460000038,5.309999943,5.320000172,5.027181625,227919033,0.797552753,5.6,0.21,0.81
2022/6/23,5.289999962,5.400000095,5.25,5.400000095,5.102778435,213141206,0.797552753,5.6,0.21,0.81
2022/6/24,5.369999886,5.389999866,5.300000191,5.340000153,5.046081066,165082240,0.797552753,5.6,0.21,0.81
2022/6/27,5.360000134,5.409999847,5.340000153,5.389999866,5.093328953,164277004,0.797552753,5.6,0.21,0.81
2022/6/28,5.340000153,5.360000134,5.300000191,5.360000134,5.15704155,145428839,0.797552753,5.6,0.21,0.81
2022/6/29,5.369999886,5.400000095,5.300000191,5.309999943,5.108934879,170405974,0.797552753,5.6,0.21,0.81
2022/6/30,5.28000021,5.309999943,5.28000021,5.300000191,5.099313736,122909343,0.797552753,5.6,0.21,0.81
2022/7/1,5.260000229,5.269999981,5.21999979,5.269999981,5.070449352,94472541,0.853659401,5.68,0.45,0.74
2022/7/4,5.269999981,5.320000172,5.269999981,5.309999943,5.108934879,99234192,0.853659401,5.68,0.45,0.74
2022/7/5,5.349999905,5.440000057,5.349999905,5.400000095,5.195527077,183166525,0.853659401,5.68,0.45,0.74
2022/7/6,5.239999771,5.269999981,5.170000076,5.21999979,5.022342205,260292699,0.853659401,5.68,0.45,0.74
2022/7/7,5.190000057,5.199999809,5.150000095,5.159999847,4.964614391,173513657,0.853659401,5.68,0.45,0.74
2022/7/8,5.21999979,5.239999771,5.170000076,5.190000057,4.993478775,101462729,0.853659401,5.68,0.45,0.74
2022/7/11,5.190000057,5.199999809,5.119999886,5.130000114,4.935750484,113981265,0.853659401,5.68,0.45,0.74
2022/7/12,5.130000114,5.150000095,5.110000134,5.119999886,4.926128864,84690184,0.853659401,5.68,0.45,0.74
2022/7/13,5.079999924,5.090000153,5.039999962,5.090000153,4.897265434,127989082,0.853659401,5.68,0.45,0.74
2022/7/14,5.079999924,5.079999924,5.039999962,5.070000172,4.878022671,80039653,0.853659401,5.68,0.45,0.74
2022/7/15,5.050000191,5.059999943,5,5.010000229,4.82029438,134534554,0.853659401,5.68,0.45,0.74
2022/7/18,5.059999943,5.159999847,5.059999943,5.150000095,4.954993248,131367035,0.853659401,5.68,0.45,0.74
2022/7/19,5.179999828,5.210000038,5.150000095,5.199999809,5.003099918,110816402,0.853659401,5.68,0.45,0.74
2022/7/20,5.239999771,5.28000021,5.230000019,5.239999771,5.041584969,101040301,0.853659401,5.68,0.45,0.74
2022/7/21,5.239999771,5.239999771,5.159999847,5.190000057,4.993478775,89275477,0.853659401,5.68,0.45,0.74
2022/7/22,5.170000076,5.239999771,5.159999847,5.199999809,5.003099918,77830958,0.853659401,5.68,0.45,0.74
2022/7/25,5.199999809,5.230000019,5.170000076,5.190000057,4.993478775,63440070,0.853659401,5.68,0.45,0.74
2022/7/26,5.210000038,5.260000229,5.210000038,5.25,5.051206589,79516911,0.853659401,5.68,0.45,0.74
2022/7/27,5.230000019,5.260000229,5.199999809,5.210000038,5.012721539,72627070,0.853659401,5.68,0.45,0.74
2022/7/28,5.260000229,5.289999962,5.230000019,5.25,5.051206589,79731660,0.853659401,5.68,0.45,0.74
2022/7/29,5.239999771,5.300000191,5.190000057,5.199999809,5.003099918,80701134,0.853659401,5.68,0.45,0.74
2022/8/1,5.199999809,5.239999771,5.170000076,5.21999979,5.022342205,74500032,0.853659401,5.68,0.45,0.74
2022/8/2,5.159999847,5.159999847,5.039999962,5.119999886,4.926128864,131903457,0.853659401,5.68,0.45,0.74
2022/8/3,5.110000134,5.159999847,5.079999924,5.079999924,4.887643814,81279874,0.853659401,5.68,0.45,0.74
2022/8/4,5.079999924,5.099999905,5.039999962,5.070000172,4.878022671,79798353,0.853659401,5.68,0.45,0.74
2022/8/5,5.050000191,5.059999943,5,5.050000191,4.858779907,150053692,0.853659401,5.68,0.45,0.74
2022/8/8,5.03000021,5.070000172,5.019999981,5.059999943,4.868401051,69201470,0.853659401,5.68,0.45,0.74
2022/8/9,5.070000172,5.130000114,5.059999943,5.099999905,4.906886578,76281323,0.853659401,5.68,0.45,0.74
2022/8/10,5.099999905,5.170000076,5.090000153,5.130000114,4.935750484,71448252,0.853659401,5.68,0.45,0.74
2022/8/11,5.159999847,5.199999809,5.139999866,5.190000057,4.993478775,69863960,0.853659401,5.68,0.45,0.74
2022/8/12,5.21999979,5.25,5.199999809,5.239999771,5.041584969,80357815,0.853659401,5.68,0.45,0.74
2022/8/15,5.170000076,5.230000019,5.130000114,5.190000057,4.993478775,85092028,0.853659401,5.68,0.45,0.74
2022/8/16,5.150000095,5.170000076,5.099999905,5.139999866,4.945371628,91282917,0.853659401,5.68,0.45,0.74
2022/8/17,5.139999866,5.170000076,5.110000134,5.159999847,4.964614391,55378378,0.853659401,5.68,0.45,0.74
2022/8/18,5.159999847,5.190000057,5.099999905,5.110000134,4.916507721,72538588,0.853659401,5.68,0.45,0.74
2022/8/19,5.139999866,5.21999979,5.130000114,5.179999828,4.983857155,101916616,0.853659401,5.68,0.45,0.74
2022/8/22,5.179999828,5.239999771,5.170000076,5.230000019,5.031963825,94546755,0.853659401,5.68,0.45,0.74
2022/8/23,5.230000019,5.320000172,5.190000057,5.300000191,5.099313736,143797003,0.853659401,5.68,0.45,0.74
2022/8/24,5.389999866,5.429999828,5.309999943,5.329999924,5.128177166,183026291,0.853659401,5.68,0.45,0.74
2022/8/25,5.369999886,5.489999771,5.349999905,5.489999771,5.282118797,237340566,0.853659401,5.68,0.45,0.74
2022/8/26,5.480000019,5.5,5.400000095,5.440000057,5.234012127,189349011,0.853659401,5.68,0.45,0.74
2022/8/29,5.429999828,5.489999771,5.400000095,5.480000019,5.272497654,136098240,0.853659401,5.68,0.45,0.74
2022/8/30,5.53000021,5.570000172,5.429999828,5.46999979,5.262876034,114007867,0.853659401,5.68,0.45,0.74
2022/8/31,5.380000114,5.389999866,5.309999943,5.340000153,5.137798786,135330257,0.853659401,5.68,0.45,0.74
2022/9/1,5.320000172,5.429999828,5.300000191,5.360000134,5.15704155,120335591,0.853659401,5.68,0.45,0.74
2022/9/2,5.360000134,5.449999809,5.340000153,5.420000076,5.21476984,101659702,0.853659401,5.68,0.45,0.74
2022/9/5,5.449999809,5.579999924,5.440000057,5.559999943,5.349468231,182015694,0.853659401,5.68,0.45,0.74
2022/9/6,5.570000172,5.630000114,5.53000021,5.610000134,5.397575378,143971049,0.853659401,5.68,0.45,0.74
2022/9/7,5.559999943,5.599999905,5.519999981,5.579999924,5.368710995,106307805,0.853659401,5.68,0.45,0.74
2022/9/8,5.510000229,5.570000172,5.440000057,5.53000021,5.320604324,132046776,0.853659401,5.68,0.45,0.74
2022/9/9,5.579999924,5.630000114,5.550000191,5.590000153,5.378332615,122927586,0.853659401,5.68,0.45,0.74
2022/9/13,5.630000114,5.650000095,5.550000191,5.550000191,5.339847088,104931206,0.853659401,5.68,0.45,0.74
2022/9/14,5.5,5.590000153,5.46999979,5.519999981,5.310983181,97692448,0.853659401,5.68,0.45,0.74
2022/9/15,5.559999943,5.599999905,5.46999979,5.539999962,5.330225468,104033135,0.853659401,5.68,0.45,0.74
2022/9/16,5.489999771,5.5,5.349999905,5.369999886,5.166662693,267740260,0.853659401,5.68,0.45,0.74
2022/9/19,5.340000153,5.369999886,5.269999981,5.349999905,5.14741993,132258592,0.853659401,5.68,0.45,0.74
2022/9/20,5.190000057,5.21999979,5.150000095,5.159999847,5.159999847,102096418,0.853659401,5.68,0.45,0.74
2022/9/21,5.139999866,5.239999771,5.090000153,5.230000019,5.230000019,100292430,0.853659401,5.68,0.45,0.74
2022/9/22,5.199999809,5.360000134,5.170000076,5.340000153,5.340000153,133156134,0.853659401,5.68,0.45,0.74
2022/9/23,5.309999943,5.519999981,5.309999943,5.440000057,5.440000057,198461171,0.853659401,5.68,0.45,0.74
2022/9/26,5.340000153,5.369999886,5.110000134,5.110000134,5.110000134,199024248,0.853659401,5.68,0.45,0.74
2022/9/27,5.110000134,5.170000076,5.03000021,5.099999905,5.099999905,160613542,0.853659401,5.68,0.45,0.74
2022/9/28,5.090000153,5.130000114,5.039999962,5.070000172,5.070000172,96626922,0.853659401,5.68,0.45,0.74
2022/9/29,5.139999866,5.179999828,5.059999943,5.110000134,5.110000134,94855711,0.853659401,5.68,0.45,0.74
2022/9/30,5.079999924,5.159999847,5.079999924,5.130000114,5.130000114,81957230,0.853659401,5.68,0.45,0.74
2022/10/10,5.289999962,5.369999886,5.239999771,5.269999981,5.269999981,189152408,0.846415938,5.44,0.66,0.7
2022/10/11,5.28000021,5.289999962,5.190000057,5.210000038,5.210000038,112114720,0.846415938,5.44,0.66,0.7
2022/10/12,5.179999828,5.210000038,5.130000114,5.199999809,5.199999809,109270714,0.846415938,5.44,0.66,0.7
2022/10/13,5.170000076,5.179999828,5.099999905,5.130000114,5.130000114,145112826,0.846415938,5.44,0.66,0.7
2022/10/14,5.170000076,5.190000057,5.150000095,5.170000076,5.170000076,110454219,0.846415938,5.44,0.66,0.7
2022/10/17,5.130000114,5.190000057,5.079999924,5.179999828,5.179999828,99963626,0.846415938,5.44,0.66,0.7
2022/10/18,5.159999847,5.190000057,5.130000114,5.159999847,5.159999847,71151860,0.846415938,5.44,0.66,0.7
2022/10/19,5.119999886,5.170000076,5.110000134,5.110000134,5.110000134,72631696,0.846415938,5.44,0.66,0.7
2022/10/20,5.130000114,5.170000076,5.099999905,5.159999847,5.159999847,93401874,0.846415938,5.44,0.66,0.7
2022/10/21,5.139999866,5.190000057,5.139999866,5.190000057,5.190000057,90678302,0.846415938,5.44,0.66,0.7
2022/10/24,5.190000057,5.230000019,5.119999886,5.170000076,5.170000076,110497188,0.846415938,5.44,0.66,0.7
2022/10/25,5.170000076,5.179999828,5.090000153,5.119999886,5.119999886,86514392,0.846415938,5.44,0.66,0.7
2022/10/26,5.119999886,5.139999866,5.070000172,5.079999924,5.079999924,116103963,0.846415938,5.44,0.66,0.7
2022/10/27,5.099999905,5.119999886,5.070000172,5.110000134,5.110000134,86330056,0.846415938,5.44,0.66,0.7
2022/10/28,5.119999886,5.150000095,5.070000172,5.070000172,5.070000172,131020648,0.846415938,5.44,0.66,0.7
2022/10/31,5.050000191,5.059999943,4.760000229,4.789999962,4.789999962,320579633,0.846415938,5.44,0.66,0.7
2022/11/1,4.769999981,4.849999905,4.769999981,4.849999905,4.849999905,135844778,0.846415938,5.44,0.66,0.7
2022/11/2,4.849999905,4.900000095,4.820000172,4.889999866,4.889999866,106095921,0.846415938,5.44,0.66,0.7
2022/11/3,4.860000134,4.909999847,4.849999905,4.889999866,4.889999866,97299473,0.846415938,5.44,0.66,0.7
2022/11/4,4.889999866,4.96999979,4.880000114,4.949999809,4.949999809,103384083,0.846415938,5.44,0.66,0.7
2022/11/7,4.96999979,5.079999924,4.96999979,5.050000191,5.050000191,118876054,0.846415938,5.44,0.66,0.7
2022/11/8,5.059999943,5.079999924,5.03000021,5.059999943,5.059999943,69175857,0.846415938,5.44,0.66,0.7
2022/11/9,5.019999981,5.059999943,5,5.019999981,5.019999981,60064063,0.846415938,5.44,0.66,0.7
2022/11/10,4.96999979,4.980000019,4.900000095,4.949999809,4.949999809,109540647,0.846415938,5.44,0.66,0.7
2022/11/11,5,5.050000191,4.980000019,5.050000191,5.050000191,114443125,0.846415938,5.44,0.66,0.7
2022/11/14,5.050000191,5.110000134,5.019999981,5.03000021,5.03000021,106260408,0.846415938,5.44,0.66,0.7
2022/11/15,5,5.050000191,4.980000019,5.03000021,5.03000021,78599168,0.846415938,5.44,0.66,0.7
2022/11/16,5.03000021,5.099999905,5.03000021,5.059999943,5.059999943,100522366,0.846415938,5.44,0.66,0.7
2022/11/17,5.059999943,5.059999943,5.010000229,5.039999962,5.039999962,78534512,0.846415938,5.44,0.66,0.7
2022/11/18,5.010000229,5.03000021,4.989999771,5,5,80496443,0.846415938,5.44,0.66,0.7
2022/11/21,4.980000019,4.989999771,4.940000057,4.96999979,4.96999979,67854887,0.846415938,5.44,0.66,0.7
2022/11/22,4.980000019,5.099999905,4.96999979,5.070000172,5.070000172,138939020,0.846415938,5.44,0.66,0.7
2022/11/23,5.099999905,5.179999828,5.090000153,5.139999866,5.139999866,153283904,0.846415938,5.44,0.66,0.7
2022/11/24,5.090000153,5.139999866,5.079999924,5.110000134,5.110000134,81120636,0.846415938,5.44,0.66,0.7
2022/11/25,5.119999886,5.199999809,5.099999905,5.179999828,5.179999828,111422854,0.846415938,5.44,0.66,0.7
2022/11/28,5.130000114,5.150000095,5.070000172,5.110000134,5.110000134,102115433,0.846415938,5.44,0.66,0.7
2022/11/29,5.139999866,5.199999809,5.119999886,5.190000057,5.190000057,126721093,0.846415938,5.44,0.66,0.7
2022/11/30,5.179999828,5.239999771,5.170000076,5.239999771,5.239999771,128176582,0.846415938,5.44,0.66,0.7
2022/12/1,5.269999981,5.28000021,5.190000057,5.190000057,5.190000057,104470111,0.846415938,5.44,0.66,0.7
2022/12/2,5.199999809,5.230000019,5.170000076,5.199999809,5.199999809,87684841,0.846415938,5.44,0.66,0.7
2022/12/5,5.230000019,5.349999905,5.21999979,5.320000172,5.320000172,171965499,0.846415938,5.44,0.66,0.7
2022/12/6,5.28000021,5.309999943,5.25,5.28000021,5.28000021,117608670,0.846415938,5.44,0.66,0.7
2022/12/7,5.239999771,5.25,5.170000076,5.190000057,5.190000057,129510662,0.846415938,5.44,0.66,0.7
2022/12/8,5.179999828,5.199999809,5.130000114,5.150000095,5.150000095,113714634,0.846415938,5.44,0.66,0.7
2022/12/9,5.159999847,5.179999828,5.119999886,5.139999866,5.139999866,95434070,0.846415938,5.44,0.66,0.7
2022/12/12,5.139999866,5.159999847,5.079999924,5.090000153,5.090000153,117512320,0.846415938,5.44,0.66,0.7
2022/12/13,5.110000134,5.130000114,5.079999924,5.099999905,5.099999905,89767943,0.846415938,5.44,0.66,0.7
2022/12/14,5.110000134,5.150000095,5.090000153,5.139999866,5.139999866,82193454,0.846415938,5.44,0.66,0.7
2022/12/15,5.159999847,5.170000076,5.079999924,5.090000153,5.090000153,76014605,0.846415938,5.44,0.66,0.7
2022/12/16,5.070000172,5.130000114,5.050000191,5.110000134,5.110000134,71833099,0.846415938,5.44,0.66,0.7
2022/12/19,5.099999905,5.110000134,5.010000229,5.019999981,5.019999981,90435893,0.846415938,5.44,0.66,0.7
2022/12/20,5.010000229,5.050000191,4.980000019,5,5,76654952,0.846415938,5.44,0.66,0.7
2022/12/21,5.010000229,5.019999981,4.980000019,4.989999771,4.989999771,50173534,0.846415938,5.44,0.66,0.7
2022/12/22,5.03000021,5.050000191,4.989999771,5,5,59682672,0.846415938,5.44,0.66,0.7
2022/12/23,4.980000019,5.010000229,4.96999979,4.980000019,4.980000019,59499670,0.846415938,5.44,0.66,0.7
2022/12/26,5,5.03000021,4.96999979,4.980000019,4.980000019,68345386,0.846415938,5.44,0.66,0.7
2022/12/27,5,5.010000229,4.980000019,5.010000229,5.010000229,57356738,0.846415938,5.44,0.66,0.7
2022/12/28,5,5.070000172,4.980000019,5.050000191,5.050000191,83727285,0.846415938,5.44,0.66,0.7
2022/12/29,5.03000021,5.03000021,4.960000038,4.960000038,4.960000038,124861888,0.846415938,5.44,0.66,0.7
2022/12/30,4.960000038,4.980000019,4.949999809,4.96999979,4.96999979,73679568,0.846415938,5.44,0.66,0.7
2023/1/3,4.980000019,5.010000229,4.949999809,5.010000229,5.010000229,74673018,0.738343271,5.06,0.82,0.68
2023/1/4,4.980000019,5,4.960000038,4.989999771,4.989999771,85407262,0.738343271,5.06,0.82,0.68
2023/1/5,4.96999979,4.989999771,4.960000038,4.980000019,4.980000019,76422070,0.738343271,5.06,0.82,0.68
2023/1/6,4.980000019,4.989999771,4.96999979,4.96999979,4.96999979,64045963,0.738343271,5.06,0.82,0.68
2023/1/9,4.989999771,4.989999771,4.96999979,4.980000019,4.980000019,66437661,0.738343271,5.06,0.82,0.68
2023/1/10,4.980000019,4.989999771,4.960000038,4.960000038,4.960000038,53017358,0.738343271,5.06,0.82,0.68
2023/1/11,4.96999979,5,4.960000038,4.96999979,4.96999979,76981535,0.738343271,5.06,0.82,0.68
2023/1/12,4.989999771,5.050000191,4.980000019,5.039999962,5.039999962,113467056,0.738343271,5.06,0.82,0.68
2023/1/13,5.039999962,5.099999905,5.03000021,5.090000153,5.090000153,103360976,0.738343271,5.06,0.82,0.68
2023/1/16,5.110000134,5.130000114,5.070000172,5.110000134,5.110000134,102921732,0.738343271,5.06,0.82,0.68
2023/1/17,5.110000134,5.110000134,5.059999943,5.079999924,5.079999924,73499427,0.738343271,5.06,0.82,0.68
2023/1/18,5.090000153,5.119999886,5.070000172,5.090000153,5.090000153,73749609,0.738343271,5.06,0.82,0.68
2023/1/19,5.090000153,5.099999905,5.059999943,5.099999905,5.099999905,83618404,0.738343271,5.06,0.82,0.68
2023/1/20,5.130000114,5.210000038,5.130000114,5.190000057,5.190000057,165726426,0.738343271,5.06,0.82,0.68
2023/1/30,5.239999771,5.25,5.170000076,5.210000038,5.210000038,139074398,0.738343271,5.06,0.82,0.68
2023/1/31,5.190000057,5.21999979,5.159999847,5.170000076,5.170000076,101993434,0.738343271,5.06,0.82,0.68
2023/2/1,5.179999828,5.210000038,5.159999847,5.199999809,5.199999809,118695254,0.738343271,5.06,0.82,0.68
2023/2/2,5.190000057,5.190000057,5.150000095,5.179999828,5.179999828,100102720,0.738343271,5.06,0.82,0.68
2023/2/3,5.159999847,5.179999828,5.130000114,5.170000076,5.170000076,110465588,0.738343271,5.06,0.82,0.68
2023/2/6,5.139999866,5.159999847,5.119999886,5.150000095,5.150000095,82479479,0.738343271,5.06,0.82,0.68
2023/2/7,5.159999847,5.190000057,5.150000095,5.170000076,5.170000076,68331685,0.738343271,5.06,0.82,0.68
2023/2/8,5.210000038,5.210000038,5.139999866,5.150000095,5.150000095,81475138,0.738343271,5.06,0.82,0.68
2023/2/9,5.159999847,5.179999828,5.150000095,5.170000076,5.170000076,55023501,0.738343271,5.06,0.82,0.68
2023/2/10,5.159999847,5.170000076,5.130000114,5.139999866,5.139999866,65802000,0.738343271,5.06,0.82,0.68
2023/2/13,5.150000095,5.170000076,5.130000114,5.150000095,5.150000095,77696687,0.738343271,5.06,0.82,0.68
2023/2/14,5.159999847,5.170000076,5.139999866,5.170000076,5.170000076,50960059,0.738343271,5.06,0.82,0.68
2023/2/15,5.159999847,5.170000076,5.130000114,5.150000095,5.150000095,69021272,0.738343271,5.06,0.82,0.68
2023/2/16,5.150000095,5.210000038,5.139999866,5.150000095,5.150000095,145396169,0.738343271,5.06,0.82,0.68
2023/2/17,5.150000095,5.190000057,5.139999866,5.150000095,5.150000095,81773943,0.738343271,5.06,0.82,0.68
2023/2/20,5.150000095,5.25,5.139999866,5.239999771,5.239999771,151956987,0.738343271,5.06,0.82,0.68
2023/2/21,5.239999771,5.300000191,5.230000019,5.260000229,5.260000229,126627588,0.738343271,5.06,0.82,0.68
2023/2/22,5.25,5.28000021,5.230000019,5.239999771,5.239999771,71010801,0.738343271,5.06,0.82,0.68
2023/2/23,5.25,5.28000021,5.21999979,5.25,5.25,93199281,0.738343271,5.06,0.82,0.68
2023/2/24,5.25,5.260000229,5.210000038,5.230000019,5.230000019,70626710,0.738343271,5.06,0.82,0.68
2023/2/27,5.21999979,5.25,5.210000038,5.210000038,5.210000038,61928471,0.738343271,5.06,0.82,0.68
2023/2/28,5.21999979,5.230000019,5.190000057,5.230000019,5.230000019,78091859,0.738343271,5.06,0.82,0.68
2023/3/1,5.21999979,5.289999962,5.210000038,5.28000021,5.28000021,119014626,0.738343271,5.06,0.82,0.68
2023/3/2,5.28000021,5.389999866,5.260000229,5.360000134,5.360000134,191389157,0.738343271,5.06,0.82,0.68
2023/3/3,5.369999886,5.519999981,5.349999905,5.5,5.5,239504045,0.738343271,5.06,0.82,0.68
2023/3/6,5.519999981,5.619999886,5.480000019,5.510000229,5.510000229,198012047,0.738343271,5.06,0.82,0.68
2023/3/7,5.53000021,5.840000153,5.519999981,5.639999866,5.639999866,448196726,0.738343271,5.06,0.82,0.68
2023/3/8,5.550000191,5.599999905,5.510000229,5.570000172,5.570000172,192283334,0.738343271,5.06,0.82,0.68
2023/3/9,5.550000191,5.670000076,5.550000191,5.570000172,5.570000172,153406399,0.738343271,5.06,0.82,0.68
2023/3/10,5.539999962,5.590000153,5.429999828,5.440000057,5.440000057,179783988,0.738343271,5.06,0.82,0.68
2023/3/13,5.480000019,5.679999828,5.46999979,5.679999828,5.679999828,251070616,0.738343271,5.06,0.82,0.68
2023/3/14,5.639999866,5.679999828,5.510000229,5.550000191,5.550000191,204665763,0.738343271,5.06,0.82,0.68
2023/3/15,5.550000191,5.71999979,5.5,5.650000095,5.650000095,223151492,0.738343271,5.06,0.82,0.68
2023/3/16,5.550000191,5.570000172,5.46999979,5.480000019,5.480000019,239996822,0.738343271,5.06,0.82,0.68
2023/3/17,5.510000229,5.889999866,5.489999771,5.829999924,5.829999924,523508836,0.738343271,5.06,0.82,0.68
2023/3/20,5.800000191,5.989999771,5.739999771,5.769999981,5.769999981,426152516,0.738343271,5.06,0.82,0.68
2023/3/21,5.800000191,5.840000153,5.619999886,5.679999828,5.679999828,225596445,0.738343271,5.06,0.82,0.68
2023/3/22,5.699999809,5.78000021,5.659999847,5.699999809,5.699999809,149398910,0.738343271,5.06,0.82,0.68
2023/3/23,5.690000057,5.789999962,5.659999847,5.769999981,5.769999981,185728109,0.738343271,5.06,0.82,0.68
2023/3/24,5.739999771,5.739999771,5.630000114,5.639999866,5.639999866,182370863,0.738343271,5.06,0.82,0.68
2023/3/27,5.599999905,5.599999905,5.5,5.579999924,5.579999924,158995323,0.738343271,5.06,0.82,0.68
2023/3/28,5.650000095,5.730000019,5.590000153,5.670000076,5.670000076,174559798,0.738343271,5.06,0.82,0.68
2023/3/29,5.710000038,5.710000038,5.590000153,5.610000134,5.610000134,123527183,0.738343271,5.06,0.82,0.68
2023/3/30,5.699999809,6.03000021,5.690000057,6,6,574240950,0.738343271,5.06,0.82,0.68
2023/3/31,5.989999771,6.010000229,5.900000095,5.920000076,5.920000076,208251836,0.738343271,5.06,0.82,0.68