,Adj Close,Adj Close,Close,Close,High,High,Low,Low,Open,Open,Volume,Volume
,600028.SS,601857.SS,600028.SS,601857.SS,600028.SS,601857.SS,600028.SS,601857.SS,600028.SS,601857.SS,600028.SS,601857.SS
Date,,,,,,,,,,,,
2020-01-02,3.8030943870544434,5.197851181030273,5.170000076293945,5.869999885559082,5.190000057220459,5.880000114440918,5.110000133514404,5.840000152587891,5.130000114440918,5.860000133514404,125043592,72808500
2020-01-03,3.876654863357544,5.26869010925293,5.269999980926514,5.949999809265137,5.289999961853027,5.989999771118164,5.179999828338623,5.860000133514404,5.190000057220459,5.869999885559082,164887316,119856782
2020-01-06,3.942859649658203,5.516629695892334,5.360000133514404,6.230000019073486,5.409999847412109,6.28000020980835,5.289999961853027,6.019999980926514,5.309999942779541,6.03000020980835,211251253,301646124
2020-01-07,3.861943483352661,5.410369873046875,5.25,6.110000133514404,5.300000190734863,6.170000076293945,5.199999809265137,6.070000171661377,5.300000190734863,6.170000076293945,126348161,152681755
2020-01-08,3.8840115070343018,5.516629695892334,5.28000020980835,6.230000019073486,5.28000020980835,6.230000019073486,5.28000020980835,6.230000019073486,5.28000020980835,6.230000019073486,127040971,215451333
2020-01-09,3.8178067207336426,5.366094589233398,5.190000057220459,6.059999942779541,5.21999979019165,6.079999923706055,5.170000076293945,6.0,5.190000057220459,6.039999961853027,103355538,159983683
2020-01-10,3.7957382202148438,5.304110527038574,5.159999847412109,5.989999771118164,5.190000057220459,6.039999961853027,5.139999866485596,5.960000038146973,5.179999828338623,6.039999961853027,46913955,92130621
2020-01-13,3.7810258865356445,5.286400318145752,5.139999866485596,5.96999979019165,5.139999866485596,5.96999979019165,5.139999866485596,5.96999979019165,5.139999866485596,5.96999979019165,83754435,55118392
2020-01-14,3.7810258865356445,5.26869010925293,5.139999866485596,5.949999809265137,5.139999866485596,5.949999809265137,5.139999866485596,5.949999809265137,5.139999866485596,5.949999809265137,84445453,44480419
2020-01-15,3.7442467212677,5.197851181030273,5.090000152587891,5.869999885559082,5.139999866485596,5.96999979019165,5.090000152587891,5.860000133514404,5.139999866485596,5.949999809265137,50513896,72014546
2020-01-16,3.7295339107513428,5.162431240081787,5.070000171661377,5.829999923706055,5.110000133514404,5.889999866485596,5.059999942779541,5.809999942779541,5.099999904632568,5.880000114440918,52747510,57860992
2020-01-17,3.7295339107513428,5.171286106109619,5.070000171661377,5.840000152587891,5.099999904632568,5.869999885559082,5.050000190734863,5.829999923706055,5.079999923706055,5.840000152587891,60190660,36667641
2020-01-20,3.7148215770721436,5.180141925811768,5.050000190734863,5.849999904632568,5.079999923706055,5.860000133514404,5.039999961853027,5.809999942779541,5.070000171661377,5.849999904632568,61508558,53408389
2020-01-21,3.6853973865509033,5.127011775970459,5.010000228881836,5.789999961853027,5.050000190734863,5.849999904632568,5.0,5.78000020980835,5.039999961853027,5.849999904632568,74500553,56028546
2020-01-22,3.6633291244506836,5.082736968994141,4.980000019073486,5.739999771118164,5.010000228881836,5.769999980926514,4.949999809265137,5.710000038146973,5.0,5.760000228881836,81200220,66239738
2020-01-23,3.6339049339294434,4.994187831878662,4.940000057220459,5.639999866485596,4.96999979019165,5.71999979019165,4.900000095367432,5.619999885559082,4.960000038146973,5.699999809265137,110492183,81444447
2020-02-03,3.398509979248047,4.542585849761963,4.619999885559082,5.130000114440918,4.739999771118164,5.289999961853027,4.489999771118164,5.079999923706055,4.5,5.139999866485596,216185335,227093729
2020-02-04,3.413222074508667,4.578005313873291,4.639999866485596,5.170000076293945,4.650000095367432,5.190000057220459,4.539999961853027,5.070000171661377,4.579999923706055,5.070000171661377,120059382,106459420
2020-02-05,3.413222074508667,4.613425254821777,4.639999866485596,5.210000038146973,4.699999809265137,5.269999980926514,4.590000152587891,5.130000114440918,4.630000114440918,5.170000076293945,120889413,102318674
2020-02-06,3.4573585987091064,4.6665544509887695,4.699999809265137,5.269999980926514,4.730000019073486,5.289999961853027,4.630000114440918,5.210000038146973,4.690000057220459,5.25,102451696,86647363
2020-02-07,3.479426622390747,4.675409317016602,4.730000019073486,5.28000020980835,4.739999771118164,5.28000020980835,4.659999847412109,5.210000038146973,4.699999809265137,5.239999771118164,95184826,61128263
2020-02-10,3.464714765548706,4.675409317016602,4.710000038146973,5.28000020980835,4.739999771118164,5.289999961853027,4.679999828338623,5.21999979019165,4.739999771118164,5.239999771118164,114663643,56130919
2020-02-11,3.4720711708068848,4.693119049072266,4.71999979019165,5.300000190734863,4.75,5.340000152587891,4.690000057220459,5.260000228881836,4.710000038146973,5.269999980926514,116920868,71171722
2020-02-12,3.479426622390747,4.701974391937256,4.730000019073486,5.309999942779541,4.730000019073486,5.320000171661377,4.679999828338623,5.28000020980835,4.71999979019165,5.289999961853027,84461678,54500038
2020-02-13,3.4573585987091064,4.675409317016602,4.699999809265137,5.28000020980835,4.739999771118164,5.349999904632568,4.699999809265137,5.28000020980835,4.730000019073486,5.329999923706055,91856677,53568587
2020-02-14,3.464714765548706,4.675409317016602,4.710000038146973,5.28000020980835,4.71999979019165,5.300000190734863,4.679999828338623,5.25,4.690000057220459,5.260000228881836,66680105,47917020
2020-02-17,3.516207695007324,4.7639594078063965,4.78000020980835,5.380000114440918,4.789999961853027,5.380000114440918,4.699999809265137,5.269999980926514,4.710000038146973,5.289999961853027,105985899,84392095
2020-02-18,3.4941391944885254,4.737394332885742,4.75,5.349999904632568,4.789999961853027,5.380000114440918,4.739999771118164,5.329999923706055,4.78000020980835,5.380000114440918,118694864,74201915
2020-02-19,3.4867825508117676,4.719683647155762,4.739999771118164,5.329999923706055,4.769999980926514,5.360000133514404,4.730000019073486,5.320000171661377,4.760000228881836,5.349999904632568,93438092,74189083
2020-02-20,3.5235633850097656,4.7639594078063965,4.789999961853027,5.380000114440918,4.789999961853027,5.380000114440918,4.75,5.320000171661377,4.760000228881836,5.349999904632568,120382688,105637160
2020-02-21,3.5235633850097656,4.7551045417785645,4.789999961853027,5.369999885559082,4.789999961853027,5.380000114440918,4.769999980926514,5.340000152587891,4.769999980926514,5.349999904632568,98260316,113816298
2020-02-24,3.4720711708068848,4.675409317016602,4.71999979019165,5.28000020980835,4.769999980926514,5.340000152587891,4.710000038146973,5.269999980926514,4.760000228881836,5.340000152587891,129218143,138156164
2020-02-25,3.427934169769287,4.595714569091797,4.659999847412109,5.190000057220459,4.690000057220459,5.21999979019165,4.639999866485596,5.150000095367432,4.670000076293945,5.199999809265137,145495444,150412876
2020-02-26,3.4426465034484863,4.622279644012451,4.679999828338623,5.21999979019165,4.699999809265137,5.239999771118164,4.610000133514404,5.119999885559082,4.630000114440918,5.150000095367432,143614067,160220097
2020-02-27,3.427934169769287,4.578005313873291,4.659999847412109,5.170000076293945,4.690000057220459,5.210000038146973,4.650000095367432,5.159999847412109,4.679999828338623,5.199999809265137,103337553,136252257
2020-02-28,3.3837974071502686,4.4894561767578125,4.599999904632568,5.070000171661377,4.650000095367432,5.139999866485596,4.559999942779541,5.059999942779541,4.610000133514404,5.110000133514404,166939152,209149489
2020-03-02,3.4573585987091064,4.578005313873291,4.699999809265137,5.170000076293945,4.730000019073486,5.179999828338623,4.619999885559082,5.099999904632568,4.619999885559082,5.110000133514404,155087910,139114686
2020-03-03,3.464714765548706,4.595714569091797,4.710000038146973,5.190000057220459,4.760000228881836,5.239999771118164,4.679999828338623,5.170000076293945,4.739999771118164,5.230000019073486,132749282,125035559
2020-03-04,3.464714765548706,4.586860179901123,4.710000038146973,5.179999828338623,4.730000019073486,5.190000057220459,4.690000057220459,5.150000095367432,4.710000038146973,5.179999828338623,79927735,89700352
2020-03-05,3.5235633850097656,4.6488447189331055,4.789999961853027,5.25,4.800000190734863,5.25,4.71999979019165,5.179999828338623,4.739999771118164,5.199999809265137,160771353,153980518
2020-03-06,3.5235633850097656,4.604569911956787,4.789999961853027,5.199999809265137,4.820000171661377,5.21999979019165,4.730000019073486,5.170000076293945,4.760000228881836,5.199999809265137,161577424,109633592
2020-03-09,3.6118361949920654,4.560295581817627,4.909999847412109,5.150000095367432,5.0,5.239999771118164,4.599999904632568,5.019999980926514,4.730000019073486,5.059999942779541,518234309,226621865
2020-03-10,3.5456316471099854,4.560295581817627,4.820000171661377,5.150000095367432,4.909999847412109,5.159999847412109,4.71999979019165,5.059999942779541,4.849999904632568,5.099999904632568,263397874,135358732
2020-03-11,3.4941391944885254,4.5337300300598145,4.75,5.119999885559082,4.809999942779541,5.170000076293945,4.75,5.110000133514404,4.809999942779541,5.150000095367432,150508927,85888083
2020-03-12,3.413222074508667,4.4894561767578125,4.639999866485596,5.070000171661377,4.739999771118164,5.110000133514404,4.619999885559082,5.059999942779541,4.699999809265137,5.079999923706055,175036426,94317442
2020-03-13,3.347017288208008,4.462891101837158,4.550000190734863,5.039999961853027,4.590000152587891,5.079999923706055,4.510000228881836,4.920000076293945,4.519999980926514,5.0,206569738,134749475
2020-03-16,3.4058659076690674,4.45403528213501,4.630000114440918,5.03000020980835,4.769999980926514,5.130000114440918,4.579999923706055,5.019999980926514,4.579999923706055,5.050000190734863,266571412,117961612
2020-03-17,3.3764419555664062,4.436326026916504,4.590000152587891,5.010000228881836,4.670000076293945,5.059999942779541,4.510000228881836,4.949999809265137,4.619999885559082,5.010000228881836,154084983,95482098
2020-03-18,3.332305431365967,4.383195877075195,4.53000020980835,4.949999809265137,4.619999885559082,5.03000020980835,4.519999980926514,4.949999809265137,4.590000152587891,5.010000228881836,141096749,86839957
2020-03-19,3.273456573486328,4.321212291717529,4.449999809265137,4.880000114440918,4.539999961853027,4.960000038146973,4.409999847412109,4.849999904632568,4.510000228881836,4.940000057220459,145717278,130684222
2020-03-20,3.3175930976867676,4.347776889801025,4.510000228881836,4.909999847412109,4.53000020980835,4.940000057220459,4.449999809265137,4.869999885559082,4.5,4.920000076293945,98918673,103204371
2020-03-23,3.258744239807129,4.2592267990112305,4.429999828338623,4.809999942779541,4.46999979019165,4.849999904632568,4.409999847412109,4.800000190734863,4.449999809265137,4.840000152587891,86949901,106705582
2020-03-24,3.295524835586548,4.285791873931885,4.480000019073486,4.840000152587891,4.489999771118164,4.869999885559082,4.449999809265137,4.800000190734863,4.460000038146973,4.840000152587891,81316393,105155949
2020-03-25,3.324948787689209,4.303502082824707,4.519999980926514,4.860000133514404,4.550000190734863,4.880000114440918,4.5,4.840000152587891,4.550000190734863,4.869999885559082,86446885,151650210
2020-03-26,3.3028805255889893,4.241517543792725,4.489999771118164,4.789999961853027,4.53000020980835,4.849999904632568,4.480000019073486,4.78000020980835,4.519999980926514,4.849999904632568,69709901,155892679
2020-03-27,3.3028805255889893,4.197242259979248,4.489999771118164,4.739999771118164,4.53000020980835,4.809999942779541,4.46999979019165,4.730000019073486,4.519999980926514,4.800000190734863,75602602,209053431
2020-03-30,3.2881689071655273,4.090982913970947,4.46999979019165,4.619999885559082,4.489999771118164,4.690000057220459,4.440000057220459,4.610000133514404,4.489999771118164,4.690000057220459,102476953,146020918
2020-03-31,3.258744239807129,4.090982913970947,4.429999828338623,4.619999885559082,4.489999771118164,4.650000095367432,4.400000095367432,4.599999904632568,4.489999771118164,4.639999866485596,161012374,183554957
2020-04-01,3.2293200492858887,4.028999328613281,4.389999866485596,4.550000190734863,4.429999828338623,4.619999885559082,4.380000114440918,4.539999961853027,4.420000076293945,4.610000133514404,116153343,186412968
2020-04-02,3.347017288208008,4.170677661895752,4.550000190734863,4.710000038146973,4.559999942779541,4.739999771118164,4.360000133514404,4.489999771118164,4.360000133514404,4.519999980926514,264055918,412537466
2020-04-03,3.280812978744507,4.0998382568359375,4.460000038146973,4.630000114440918,4.539999961853027,4.730000019073486,4.449999809265137,4.610000133514404,4.539999961853027,4.730000019073486,167679712,279856007
2020-04-07,3.3175930976867676,4.135258674621582,4.510000228881836,4.670000076293945,4.539999961853027,4.699999809265137,4.480000019073486,4.650000095367432,4.510000228881836,4.679999828338623,159965022,249824945
2020-04-08,3.310236692428589,4.1086931228637695,4.5,4.639999866485596,4.5,4.659999847412109,4.449999809265137,4.610000133514404,4.489999771118164,4.639999866485596,116631215,193838632
2020-04-09,3.3175930976867676,4.117547512054443,4.510000228881836,4.650000095367432,4.53000020980835,4.679999828338623,4.5,4.630000114440918,4.519999980926514,4.670000076293945,79263855,132237118
2020-04-10,3.3028805255889893,4.073273658752441,4.489999771118164,4.599999904632568,4.539999961853027,4.650000095367432,4.46999979019165,4.579999923706055,4.5,4.650000095367432,99702301,164753045
2020-04-13,3.310236692428589,4.055563449859619,4.5,4.579999923706055,4.519999980926514,4.639999866485596,4.489999771118164,4.579999923706055,4.5,4.619999885559082,84317692,113647632
2020-04-14,3.310236692428589,4.064418315887451,4.5,4.590000152587891,4.510000228881836,4.599999904632568,4.46999979019165,4.559999942779541,4.5,4.590000152587891,99621388,128355795
2020-04-15,3.3028805255889893,4.028999328613281,4.489999771118164,4.550000190734863,4.5,4.570000171661377,4.46999979019165,4.550000190734863,4.489999771118164,4.570000171661377,75520692,112297162
2020-04-16,3.2881689071655273,4.011288642883301,4.46999979019165,4.53000020980835,4.489999771118164,4.539999961853027,4.46999979019165,4.510000228881836,4.46999979019165,4.53000020980835,80859007,116651794
2020-04-17,3.3543734550476074,4.028999328613281,4.559999942779541,4.550000190734863,4.579999923706055,4.579999923706055,4.480000019073486,4.539999961853027,4.5,4.539999961853027,211818903,124297105
2020-04-20,3.3911542892456055,4.028999328613281,4.610000133514404,4.550000190734863,4.650000095367432,4.570000171661377,4.519999980926514,4.510000228881836,4.519999980926514,4.53000020980835,137589299,102497802
2020-04-21,3.3396613597869873,3.993579387664795,4.539999961853027,4.510000228881836,4.590000152587891,4.53000020980835,4.53000020980835,4.5,4.570000171661377,4.519999980926514,119490683,109960957
2020-04-22,3.3175930976867676,3.9493043422698975,4.510000228881836,4.460000038146973,4.53000020980835,4.46999979019165,4.480000019073486,4.429999828338623,4.519999980926514,4.46999979019165,77973682,136997191
2020-04-23,3.347017288208008,4.028999328613281,4.550000190734863,4.550000190734863,4.610000133514404,4.590000152587891,4.519999980926514,4.480000019073486,4.519999980926514,4.480000019073486,121501782,185032553
2020-04-24,3.3028805255889893,3.9670140743255615,4.489999771118164,4.480000019073486,4.559999942779541,4.559999942779541,4.489999771118164,4.480000019073486,4.550000190734863,4.550000190734863,81335790,106711101
2020-04-27,3.3175930976867676,3.9404492378234863,4.510000228881836,4.449999809265137,4.519999980926514,4.5,4.480000019073486,4.449999809265137,4.5,4.46999979019165,65727847,75706314
2020-04-28,3.258744239807129,3.8607547283172607,4.429999828338623,4.360000133514404,4.5,4.449999809265137,4.429999828338623,4.329999923706055,4.489999771118164,4.440000057220459,110505789,128594575
2020-04-29,3.2661006450653076,3.878464698791504,4.440000057220459,4.380000114440918,4.460000038146973,4.409999847412109,4.420000076293945,4.369999885559082,4.460000038146973,4.369999885559082,67861751,60415182
2020-04-30,3.280812978744507,3.9315943717956543,4.460000038146973,4.440000057220459,4.460000038146973,4.460000038146973,4.380000114440918,4.369999885559082,4.409999847412109,4.380000114440918,119640204,85973295
2020-05-06,3.258744239807129,3.9581587314605713,4.429999828338623,4.46999979019165,4.440000057220459,4.489999771118164,4.409999847412109,4.420000076293945,4.409999847412109,4.440000057220459,84819242,88177097
2020-05-07,3.2440316677093506,3.9404492378234863,4.409999847412109,4.449999809265137,4.429999828338623,4.480000019073486,4.409999847412109,4.440000057220459,4.429999828338623,4.46999979019165,57714809,61056105
2020-05-08,3.2513885498046875,3.9581587314605713,4.420000076293945,4.46999979019165,4.429999828338623,4.480000019073486,4.409999847412109,4.460000038146973,4.420000076293945,4.46999979019165,65920898,55870408
2020-05-11,3.2440316677093506,3.9581587314605713,4.409999847412109,4.46999979019165,4.440000057220459,4.489999771118164,4.409999847412109,4.460000038146973,4.429999828338623,4.480000019073486,55947548,55730677
2020-05-12,3.236675977706909,3.9227395057678223,4.400000095367432,4.429999828338623,4.420000076293945,4.46999979019165,4.400000095367432,4.420000076293945,4.420000076293945,4.46999979019165,54066435,52202891
2020-05-13,3.2440316677093506,3.9227395057678223,4.409999847412109,4.429999828338623,4.420000076293945,4.429999828338623,4.380000114440918,4.400000095367432,4.400000095367432,4.429999828338623,62129330,44111721
2020-05-14,3.221963882446289,3.8961751461029053,4.380000114440918,4.400000095367432,4.400000095367432,4.420000076293945,4.369999885559082,4.400000095367432,4.389999866485596,4.420000076293945,55408978,43927251
2020-05-15,3.207252025604248,3.913884401321411,4.360000133514404,4.420000076293945,4.400000095367432,4.429999828338623,4.360000133514404,4.409999847412109,4.389999866485596,4.420000076293945,50811392,41088010
2020-05-18,3.2146079540252686,3.9315943717956543,4.369999885559082,4.440000057220459,4.389999866485596,4.460000038146973,4.360000133514404,4.429999828338623,4.369999885559082,4.449999809265137,51495650,61974604
2020-05-19,3.2293200492858887,3.9493043422698975,4.389999866485596,4.460000038146973,4.420000076293945,4.510000228881836,4.380000114440918,4.460000038146973,4.409999847412109,4.480000019073486,76973124,89322364
2020-05-20,3.2146079540252686,3.9227395057678223,4.369999885559082,4.429999828338623,4.389999866485596,4.460000038146973,4.360000133514404,4.420000076293945,4.389999866485596,4.460000038146973,42610778,59975700
2020-05-21,3.207252025604248,3.9404492378234863,4.360000133514404,4.449999809265137,4.389999866485596,4.46999979019165,4.349999904632568,4.420000076293945,4.380000114440918,4.449999809265137,68249369,76749769
2020-05-22,3.1263349056243896,3.869609832763672,4.25,4.369999885559082,4.360000133514404,4.440000057220459,4.25,4.360000133514404,4.349999904632568,4.440000057220459,121236388,93991808
2020-05-25,3.104266405105591,3.843045473098755,4.21999979019165,4.340000152587891,4.260000228881836,4.369999885559082,4.210000038146973,4.329999923706055,4.25,4.369999885559082,58933644,61514353
2020-05-26,3.0969104766845703,3.8518998622894287,4.210000038146973,4.349999904632568,4.239999771118164,4.360000133514404,4.190000057220459,4.329999923706055,4.230000019073486,4.340000152587891,81135480,64205918
2020-05-27,3.08219838142395,3.8164796829223633,4.190000057220459,4.309999942779541,4.21999979019165,4.349999904632568,4.179999828338623,4.300000190734863,4.210000038146973,4.349999904632568,71932997,69391811
2020-05-28,3.08219838142395,3.7987706661224365,4.190000057220459,4.289999961853027,4.210000038146973,4.329999923706055,4.159999847412109,4.28000020980835,4.179999828338623,4.300000190734863,68668482,88980863
2020-05-29,3.0454177856445312,3.763350486755371,4.139999866485596,4.25,4.190000057220459,4.289999961853027,4.139999866485596,4.21999979019165,4.179999828338623,4.28000020980835,74630247,128335113
2020-06-01,3.08955454826355,3.7987706661224365,4.199999809265137,4.289999961853027,4.210000038146973,4.300000190734863,4.150000095367432,4.25,4.150000095367432,4.260000228881836,100851465,93876816
2020-06-02,3.104266405105591,3.8164796829223633,4.21999979019165,4.309999942779541,4.239999771118164,4.309999942779541,4.190000057220459,4.28000020980835,4.199999809265137,4.289999961853027,84259723,67477346
2020-06-03,3.11897873878479,3.843045473098755,4.239999771118164,4.340000152587891,4.269999980926514,4.369999885559082,4.239999771118164,4.329999923706055,4.239999771118164,4.329999923706055,90997752,75972862
2020-06-04,3.08219838142395,3.8253352642059326,4.190000057220459,4.320000171661377,4.260000228881836,4.349999904632568,4.179999828338623,4.300000190734863,4.260000228881836,4.340000152587891,93562405,57364217
2020-06-05,3.1116225719451904,3.8076252937316895,4.230000019073486,4.300000190734863,4.230000019073486,4.309999942779541,4.170000076293945,4.28000020980835,4.199999809265137,4.309999942779541,78157974,51673183
2020-06-08,3.1631157398223877,3.843045473098755,4.300000190734863,4.340000152587891,4.300000190734863,4.360000133514404,4.239999771118164,4.329999923706055,4.25,4.349999904632568,129640293,80871474
2020-06-09,3.155759572982788,3.8518998622894287,4.289999961853027,4.349999904632568,4.300000190734863,4.349999904632568,4.269999980926514,4.329999923706055,4.300000190734863,4.349999904632568,111041120,59692860
2020-06-10,3.1480624675750732,3.8253352642059326,4.090000152587891,4.320000171661377,4.119999885559082,4.349999904632568,4.079999923706055,4.309999942779541,4.119999885559082,4.340000152587891,108417595,50783402
2020-06-11,3.1018807888031006,3.7899155616760254,4.03000020980835,4.28000020980835,4.090000152587891,4.320000171661377,4.03000020980835,4.269999980926514,4.079999923706055,4.309999942779541,97043809,62477333
2020-06-12,3.1095774173736572,3.7722058296203613,4.039999961853027,4.260000228881836,4.070000171661377,4.269999980926514,3.9700000286102295,4.21999979019165,3.990000009536743,4.230000019073486,92414597,81579721
2020-06-15,3.0710926055908203,3.745640277862549,3.990000009536743,4.230000019073486,4.019999980926514,4.25,3.990000009536743,4.21999979019165,4.019999980926514,4.239999771118164,60136071,55518983
2020-06-16,3.0941836833953857,3.781060218811035,4.019999980926514,4.269999980926514,4.019999980926514,4.28000020980835,4.0,4.230000019073486,4.019999980926514,4.25,55590647,62021404
2020-06-17,3.086486577987671,3.763350486755371,4.010000228881836,4.25,4.019999980926514,4.260000228881836,3.990000009536743,4.230000019073486,4.010000228881836,4.25,64228025,52009560
2020-06-18,3.086486577987671,3.7987706661224365,4.010000228881836,4.289999961853027,4.019999980926514,4.320000171661377,3.9800000190734863,4.230000019073486,3.990000009536743,4.239999771118164,107436567,79832736
2020-06-19,3.086486577987671,3.8076252937316895,4.010000228881836,4.300000190734863,4.03000020980835,4.309999942779541,4.0,4.25,4.010000228881836,4.269999980926514,96098272,79035747
2020-06-22,3.0710926055908203,3.781060218811035,3.990000009536743,4.269999980926514,4.019999980926514,4.309999942779541,3.990000009536743,4.269999980926514,4.010000228881836,4.300000190734863,86156481,60774765
2020-06-23,3.0556983947753906,3.7722058296203613,3.9700000286102295,4.260000228881836,4.0,4.28000020980835,3.9600000381469727,4.25,3.990000009536743,4.28000020980835,91196222,53115905
2020-06-24,3.0556983947753906,3.7722058296203613,3.9700000286102295,4.260000228881836,3.9800000190734863,4.269999980926514,3.9600000381469727,4.25,3.9600000381469727,4.260000228881836,74132374,52723594
2020-06-29,3.017213821411133,3.754495620727539,3.9200000762939453,4.239999771118164,3.9600000381469727,4.269999980926514,3.9000000953674316,4.230000019073486,3.9600000381469727,4.260000228881836,147280011,54861604
2020-06-30,3.009516954421997,3.7309696674346924,3.9100000858306885,4.190000057220459,3.940000057220459,4.199999809265137,3.9100000858306885,4.179999828338623,3.930000066757202,4.199999809265137,67638235,47947188
2020-07-01,3.0249109268188477,3.7843964099884033,3.930000066757202,4.25,3.940000057220459,4.260000228881836,3.9000000953674316,4.179999828338623,3.9200000762939453,4.190000057220459,98015525,86165989
2020-07-02,3.086486577987671,3.846728563308716,4.010000228881836,4.320000171661377,4.019999980926514,4.329999923706055,3.9100000858306885,4.230000019073486,3.9200000762939453,4.239999771118164,211938640,153857647
2020-07-03,3.1403651237487793,3.9357728958129883,4.079999923706055,4.420000076293945,4.090000152587891,4.449999809265137,3.990000009536743,4.320000171661377,4.0,4.329999923706055,227156318,222616461
2020-07-06,3.2866077423095703,4.202906608581543,4.269999980926514,4.71999979019165,4.289999961853027,4.739999771118164,4.110000133514404,4.440000057220459,4.110000133514404,4.440000057220459,423753375,443275190
2020-07-07,3.2558200359344482,4.1850972175598145,4.230000019073486,4.699999809265137,4.360000133514404,4.880000114440918,4.230000019073486,4.659999847412109,4.309999942779541,4.769999980926514,420182152,397893345
2020-07-08,3.2404258251190186,4.158384799957275,4.210000038146973,4.670000076293945,4.21999979019165,4.690000057220459,4.130000114440918,4.579999923706055,4.210000038146973,4.670000076293945,289021034,270532624
2020-07-09,3.2558200359344482,4.220715045928955,4.230000019073486,4.739999771118164,4.25,4.769999980926514,4.170000076293945,4.630000114440918,4.199999809265137,4.679999828338623,271902156,261168874
2020-07-10,3.1788504123687744,4.096052646636963,4.130000114440918,4.599999904632568,4.199999809265137,4.699999809265137,4.119999885559082,4.590000152587891,4.199999809265137,4.699999809265137,217219229,202448610
2020-07-13,3.2096383571624756,4.122766494750977,4.170000076293945,4.630000114440918,4.179999828338623,4.659999847412109,4.119999885559082,4.570000171661377,4.130000114440918,4.590000152587891,241002124,173551732
2020-07-14,3.1480624675750732,4.060434818267822,4.090000152587891,4.559999942779541,4.170000076293945,4.619999885559082,4.070000171661377,4.519999980926514,4.150000095367432,4.619999885559082,279702490,176757915
2020-07-15,3.117274522781372,3.998103380203247,4.050000190734863,4.489999771118164,4.130000114440918,4.599999904632568,4.039999961853027,4.480000019073486,4.110000133514404,4.579999923706055,190492259,150545694
2020-07-16,3.0633955001831055,3.9268674850463867,3.9800000190734863,4.409999847412109,4.070000171661377,4.519999980926514,3.9800000190734863,4.400000095367432,4.070000171661377,4.5,217229888,174747849
2020-07-17,3.0556983947753906,3.9090585708618164,3.9700000286102295,4.389999866485596,4.0,4.429999828338623,3.9600000381469727,4.360000133514404,3.990000009536743,4.400000095367432,130986083,114824684
2020-07-20,3.1095774173736572,3.998103380203247,4.039999961853027,4.489999771118164,4.050000190734863,4.5,3.9700000286102295,4.380000114440918,3.9800000190734863,4.400000095367432,157380543,130034110
2020-07-21,3.0941836833953857,3.9802944660186768,4.019999980926514,4.46999979019165,4.070000171661377,4.519999980926514,4.010000228881836,4.449999809265137,4.050000190734863,4.5,117647289,84861965
2020-07-22,3.1403651237487793,4.104957580566406,4.079999923706055,4.610000133514404,4.130000114440918,4.650000095367432,4.03000020980835,4.5,4.050000190734863,4.5,254716763,283144151
2020-07-23,3.1018807888031006,4.042625904083252,4.03000020980835,4.539999961853027,4.079999923706055,4.599999904632568,3.990000009536743,4.480000019073486,4.059999942779541,4.579999923706055,174838982,177301977
2020-07-24,3.078789472579956,4.007008075714111,4.0,4.5,4.090000152587891,4.659999847412109,3.990000009536743,4.489999771118164,4.059999942779541,4.619999885559082,192382446,216125883
2020-07-27,3.086486577987671,3.9713900089263916,4.010000228881836,4.460000038146973,4.03000020980835,4.53000020980835,3.990000009536743,4.420000076293945,4.010000228881836,4.510000228881836,123328259,104263759
2020-07-28,3.086486577987671,3.9802944660186768,4.010000228881836,4.46999979019165,4.039999961853027,4.510000228881836,3.990000009536743,4.460000038146973,4.03000020980835,4.46999979019165,117682341,79414097
2020-07-29,3.0941836833953857,4.007008075714111,4.019999980926514,4.5,4.019999980926514,4.510000228881836,3.9800000190734863,4.420000076293945,4.010000228881836,4.449999809265137,198564764,90811197
2020-07-30,3.0710926055908203,3.9713900089263916,3.990000009536743,4.460000038146973,4.019999980926514,4.510000228881836,3.990000009536743,4.449999809265137,4.010000228881836,4.5,97227740,69025380
2020-07-31,3.078789472579956,3.9624860286712646,4.0,4.449999809265137,4.010000228881836,4.510000228881836,3.9700000286102295,4.420000076293945,3.9800000190734863,4.440000057220459,140601917,99610118
2020-08-03,3.086486577987671,3.98919939994812,4.010000228881836,4.480000019073486,4.019999980926514,4.5,3.990000009536743,4.440000057220459,4.0,4.449999809265137,131665126,124056138
2020-08-04,3.1095774173736572,4.033722400665283,4.039999961853027,4.53000020980835,4.050000190734863,4.550000190734863,4.0,4.460000038146973,4.010000228881836,4.489999771118164,167470192,138654129
2020-08-05,3.0941836833953857,4.007008075714111,4.019999980926514,4.5,4.039999961853027,4.53000020980835,4.0,4.460000038146973,4.03000020980835,4.53000020980835,111561964,107714697
2020-08-06,3.1018807888031006,4.033722400665283,4.03000020980835,4.53000020980835,4.059999942779541,4.550000190734863,4.010000228881836,4.489999771118164,4.039999961853027,4.53000020980835,171519832,141514626
2020-08-07,3.0710926055908203,3.9624860286712646,3.990000009536743,4.449999809265137,4.019999980926514,4.5,3.9800000190734863,4.440000057220459,4.019999980926514,4.5,170693183,115958049
2020-08-10,3.078789472579956,3.9802944660186768,4.0,4.46999979019165,4.010000228881836,4.480000019073486,3.9700000286102295,4.429999828338623,3.990000009536743,4.449999809265137,146323592,79108815
2020-08-11,3.0710926055908203,3.9624860286712646,3.990000009536743,4.449999809265137,4.019999980926514,4.5,3.990000009536743,4.440000057220459,4.010000228881836,4.489999771118164,157801790,92287648
2020-08-12,3.0710926055908203,3.9713900089263916,3.990000009536743,4.460000038146973,4.0,4.46999979019165,3.9700000286102295,4.409999847412109,3.990000009536743,4.429999828338623,177450604,98193925
2020-08-13,3.086486577987671,3.9802944660186768,4.010000228881836,4.46999979019165,4.019999980926514,4.5,3.990000009536743,4.449999809265137,4.0,4.460000038146973,147114217,72893696
2020-08-14,3.0941836833953857,3.98919939994812,4.019999980926514,4.480000019073486,4.019999980926514,4.489999771118164,3.990000009536743,4.440000057220459,4.0,4.46999979019165,117517413,63621909
2020-08-17,3.1326682567596436,4.042625904083252,4.070000171661377,4.539999961853027,4.090000152587891,4.550000190734863,4.010000228881836,4.46999979019165,4.010000228881836,4.46999979019165,292142075,158287650
2020-08-18,3.124971389770508,4.033722400665283,4.059999942779541,4.53000020980835,4.079999923706055,4.550000190734863,4.039999961853027,4.510000228881836,4.070000171661377,4.539999961853027,172356026,93325518
2020-08-19,3.124971389770508,4.024816989898682,4.059999942779541,4.519999980926514,4.099999904632568,4.559999942779541,4.050000190734863,4.5,4.059999942779541,4.53000020980835,236413264,97898016
2020-08-20,3.1018807888031006,3.9713900089263916,4.03000020980835,4.460000038146973,4.059999942779541,4.519999980926514,4.019999980926514,4.449999809265137,4.059999942779541,4.519999980926514,179979741,101289920
2020-08-21,3.1018807888031006,3.9713900089263916,4.03000020980835,4.460000038146973,4.050000190734863,4.480000019073486,4.010000228881836,4.449999809265137,4.039999961853027,4.46999979019165,100434904,57202289
2020-08-24,3.1095774173736572,3.9713900089263916,4.039999961853027,4.460000038146973,4.050000190734863,4.480000019073486,4.019999980926514,4.449999809265137,4.03000020980835,4.46999979019165,104327010,60808981
2020-08-25,3.1018807888031006,3.9624860286712646,4.03000020980835,4.449999809265137,4.050000190734863,4.46999979019165,4.019999980926514,4.429999828338623,4.050000190734863,4.46999979019165,102714779,55872314
2020-08-26,3.117274522781372,3.9446768760681152,4.050000190734863,4.429999828338623,4.070000171661377,4.460000038146973,4.019999980926514,4.420000076293945,4.039999961853027,4.449999809265137,177817543,65748886
2020-08-27,3.1018807888031006,3.9446768760681152,4.03000020980835,4.429999828338623,4.059999942779541,4.440000057220459,4.010000228881836,4.409999847412109,4.050000190734863,4.420000076293945,102644729,47470328
2020-08-28,3.1018807888031006,3.9624860286712646,4.03000020980835,4.449999809265137,4.039999961853027,4.449999809265137,4.0,4.400000095367432,4.010000228881836,4.409999847412109,122791191,79414758
2020-08-31,3.1018807888031006,3.9446768760681152,4.03000020980835,4.429999828338623,4.059999942779541,4.460000038146973,4.019999980926514,4.420000076293945,4.03000020980835,4.440000057220459,160047916,63957297
2020-09-01,3.1018807888031006,3.9268674850463867,4.03000020980835,4.409999847412109,4.039999961853027,4.429999828338623,4.019999980926514,4.389999866485596,4.03000020980835,4.420000076293945,87702448,71032894
2020-09-02,3.078789472579956,3.873441457748413,4.0,4.349999904632568,4.03000020980835,4.400000095367432,3.990000009536743,4.340000152587891,4.03000020980835,4.400000095367432,99417007,107928308
2020-09-03,3.0710926055908203,3.837822914123535,3.990000009536743,4.309999942779541,4.019999980926514,4.369999885559082,3.9800000190734863,4.309999942779541,4.0,4.329999923706055,108358605,84640042
2020-09-04,3.0633955001831055,3.837822914123535,3.9800000190734863,4.309999942779541,3.990000009536743,4.309999942779541,3.9600000381469727,4.269999980926514,3.9800000190734863,4.289999961853027,118317300,72138413
2020-09-07,3.048001527786255,3.811110019683838,3.9600000381469727,4.28000020980835,3.9800000190734863,4.320000171661377,3.950000047683716,4.28000020980835,3.9700000286102295,4.300000190734863,110020047,62805500
2020-09-08,3.0556983947753906,3.837822914123535,3.9700000286102295,4.309999942779541,3.9800000190734863,4.309999942779541,3.950000047683716,4.28000020980835,3.9600000381469727,4.289999961853027,97108373,68232926
2020-09-09,3.0326075553894043,3.811110019683838,3.940000057220459,4.28000020980835,3.9700000286102295,4.300000190734863,3.940000057220459,4.260000228881836,3.950000047683716,4.28000020980835,121619965,75194851
2020-09-10,3.017213821411133,3.7754921913146973,3.9200000762939453,4.239999771118164,3.9600000381469727,4.300000190734863,3.9100000858306885,4.230000019073486,3.950000047683716,4.300000190734863,118299706,80951505
2020-09-11,3.009516954421997,3.7754921913146973,3.9100000858306885,4.239999771118164,3.9200000762939453,4.260000228881836,3.9000000953674316,4.210000038146973,3.9100000858306885,4.230000019073486,70922788,57173409
2020-09-14,3.017213821411133,3.7933013439178467,3.9200000762939453,4.260000228881836,3.930000066757202,4.269999980926514,3.9100000858306885,4.239999771118164,3.9200000762939453,4.25,57184320,38679581
2020-09-15,3.017213821411133,3.7754921913146973,3.9200000762939453,4.239999771118164,3.930000066757202,4.269999980926514,3.9100000858306885,4.230000019073486,3.9200000762939453,4.260000228881836,49234843,43619502
2020-09-16,3.0326075553894043,3.7843964099884033,3.940000057220459,4.25,3.950000047683716,4.289999961853027,3.9100000858306885,4.239999771118164,3.930000066757202,4.25,68228567,70086386
2020-09-17,3.0249109268188477,3.766587734222412,3.930000066757202,4.230000019073486,3.950000047683716,4.28000020980835,3.930000066757202,4.21999979019165,3.940000057220459,4.260000228881836,52459445,82148861
2020-09-18,3.048001527786255,3.8022055625915527,3.9600000381469727,4.269999980926514,3.9600000381469727,4.28000020980835,3.930000066757202,4.230000019073486,3.950000047683716,4.25,126999862,90199282
2020-09-21,3.0556983947753906,3.7843964099884033,3.9700000286102295,4.25,3.9800000190734863,4.28000020980835,3.950000047683716,4.25,3.9600000381469727,4.28000020980835,76441444,62860331
2020-09-22,3.0249109268188477,3.7638678550720215,3.930000066757202,4.139999866485596,3.9700000286102295,4.179999828338623,3.930000066757202,4.130000114440918,3.950000047683716,4.159999847412109,75632958,80997216
2020-09-23,3.017213821411133,3.736593723297119,3.9200000762939453,4.110000133514404,3.940000057220459,4.150000095367432,3.9200000762939453,4.110000133514404,3.930000066757202,4.139999866485596,42740906,51865100
2020-09-24,2.9941227436065674,3.7275021076202393,3.890000104904175,4.099999904632568,3.9200000762939453,4.110000133514404,3.880000114440918,4.070000171661377,3.9200000762939453,4.099999904632568,84426707,65893121
2020-09-25,2.9941227436065674,3.7184104919433594,3.890000104904175,4.090000152587891,3.9000000953674316,4.110000133514404,3.880000114440918,4.079999923706055,3.9000000953674316,4.099999904632568,42139544,35983562
2020-09-28,2.9941227436065674,3.7275021076202393,3.890000104904175,4.099999904632568,3.9100000858306885,4.130000114440918,3.880000114440918,4.090000152587891,3.890000104904175,4.090000152587891,69440687,43686826
2020-09-29,2.9941227436065674,3.7184104919433594,3.890000104904175,4.090000152587891,3.9100000858306885,4.110000133514404,3.890000104904175,4.090000152587891,3.9000000953674316,4.110000133514404,41162356,37578762
2020-09-30,3.009516954421997,3.736593723297119,3.9100000858306885,4.110000133514404,3.930000066757202,4.119999885559082,3.880000114440918,4.070000171661377,3.9000000953674316,4.090000152587891,71000182,61408409
2020-10-09,3.0249109268188477,3.7547767162323,3.930000066757202,4.130000114440918,3.950000047683716,4.139999866485596,3.9200000762939453,4.119999885559082,3.930000066757202,4.119999885559082,52393970,54100576
2020-10-12,3.048001527786255,3.800233840942383,3.9600000381469727,4.179999828338623,3.9700000286102295,4.190000057220459,3.9200000762939453,4.119999885559082,3.930000066757202,4.130000114440918,77817224,93048731
2020-10-13,3.0326075553894043,3.7729594707489014,3.940000057220459,4.150000095367432,3.9600000381469727,4.170000076293945,3.930000066757202,4.139999866485596,3.9600000381469727,4.170000076293945,41411879,43817109
2020-10-14,3.017213821411133,3.736593723297119,3.9200000762939453,4.110000133514404,3.940000057220459,4.150000095367432,3.9000000953674316,4.099999904632568,3.930000066757202,4.139999866485596,77735520,65172620
2020-10-15,3.017213821411133,3.736593723297119,3.9200000762939453,4.110000133514404,3.930000066757202,4.119999885559082,3.9100000858306885,4.090000152587891,3.9100000858306885,4.099999904632568,39910005,50961732
2020-10-16,3.0249109268188477,3.736593723297119,3.930000066757202,4.110000133514404,3.940000057220459,4.130000114440918,3.9100000858306885,4.099999904632568,3.9200000762939453,4.110000133514404,51148022,47526356
2020-10-19,3.017213821411133,3.736593723297119,3.9200000762939453,4.110000133514404,3.950000047683716,4.150000095367432,3.9100000858306885,4.099999904632568,3.930000066757202,4.110000133514404,80295509,74216150
2020-10-20,3.0249109268188477,3.7275021076202393,3.930000066757202,4.099999904632568,3.940000057220459,4.099999904632568,3.9100000858306885,4.079999923706055,3.9200000762939453,4.099999904632568,45152352,38608445
2020-10-21,3.0249109268188477,3.736593723297119,3.930000066757202,4.110000133514404,3.940000057220459,4.110000133514404,3.9100000858306885,4.079999923706055,3.930000066757202,4.099999904632568,61347563,50575344
2020-10-22,3.017213821411133,3.7275021076202393,3.9200000762939453,4.099999904632568,3.930000066757202,4.110000133514404,3.9100000858306885,4.079999923706055,3.9200000762939453,4.099999904632568,40614157,35413200
2020-10-23,3.056398391723633,3.745684862136841,3.9000000953674316,4.119999885559082,3.9200000762939453,4.150000095367432,3.8499999046325684,4.099999904632568,3.859999895095825,4.099999904632568,128970351,81067392
2020-10-26,3.056398391723633,3.736593723297119,3.9000000953674316,4.110000133514404,3.9200000762939453,4.119999885559082,3.890000104904175,4.090000152587891,3.9100000858306885,4.110000133514404,60531008,57819936
2020-10-27,3.040724754333496,3.7275021076202393,3.880000114440918,4.099999904632568,3.9000000953674316,4.099999904632568,3.880000114440918,4.079999923706055,3.9000000953674316,4.090000152587891,40298828,47797393
2020-10-28,3.040724754333496,3.7184104919433594,3.880000114440918,4.090000152587891,3.890000104904175,4.099999904632568,3.859999895095825,4.070000171661377,3.880000114440918,4.090000152587891,42840918,52160005
2020-10-29,3.0485613346099854,3.6820449829101562,3.890000104904175,4.050000190734863,3.9000000953674316,4.070000171661377,3.859999895095825,4.039999961853027,3.859999895095825,4.070000171661377,82797087,63573298
2020-10-30,3.056398391723633,3.700227975845337,3.9000000953674316,4.070000171661377,3.930000066757202,4.110000133514404,3.880000114440918,4.059999942779541,3.890000104904175,4.079999923706055,127074492,95492446
2020-11-02,3.064235210418701,3.691136121749878,3.9100000858306885,4.059999942779541,3.9200000762939453,4.079999923706055,3.880000114440918,4.039999961853027,3.9000000953674316,4.059999942779541,86468260,64819536
2020-11-03,3.095583200454712,3.745684862136841,3.950000047683716,4.119999885559082,3.950000047683716,4.139999866485596,3.9100000858306885,4.059999942779541,3.9200000762939453,4.070000171661377,100031742,95688649
2020-11-04,3.079909086227417,3.736593723297119,3.930000066757202,4.110000133514404,3.950000047683716,4.130000114440918,3.9100000858306885,4.090000152587891,3.950000047683716,4.119999885559082,56015453,58295954
2020-11-05,3.103419780731201,3.745684862136841,3.9600000381469727,4.119999885559082,3.9700000286102295,4.139999866485596,3.930000066757202,4.099999904632568,3.9600000381469727,4.119999885559082,99754661,77021348
2020-11-06,3.119093656539917,3.7547767162323,3.9800000190734863,4.130000114440918,3.990000009536743,4.150000095367432,3.950000047683716,4.099999904632568,3.9600000381469727,4.119999885559082,102154416,101192107
2020-11-09,3.1426045894622803,3.800233840942383,4.010000228881836,4.179999828338623,4.039999961853027,4.190000057220459,3.9800000190734863,4.139999866485596,3.990000009536743,4.150000095367432,118274467,127064599
2020-11-10,3.1661150455474854,3.8184168338775635,4.039999961853027,4.199999809265137,4.139999866485596,4.28000020980835,4.03000020980835,4.190000057220459,4.099999904632568,4.230000019073486,275912937,182402909
2020-11-11,3.2288103103637695,3.882056951522827,4.119999885559082,4.269999980926514,4.130000114440918,4.269999980926514,4.050000190734863,4.199999809265137,4.050000190734863,4.199999809265137,210512178,142254503
2020-11-12,3.1817891597747803,3.836599588394165,4.059999942779541,4.21999979019165,4.119999885559082,4.269999980926514,4.039999961853027,4.21999979019165,4.119999885559082,4.260000228881836,117668522,76485691
2020-11-13,3.1504414081573486,3.800233840942383,4.019999980926514,4.179999828338623,4.059999942779541,4.21999979019165,4.0,4.159999847412109,4.050000190734863,4.210000038146973,100156431,78219909
2020-11-16,3.213136672973633,3.8638744354248047,4.099999904632568,4.25,4.110000133514404,4.25,4.03000020980835,4.170000076293945,4.03000020980835,4.190000057220459,151312768,99182712
2020-11-17,3.2288103103637695,3.891148567199707,4.119999885559082,4.28000020980835,4.139999866485596,4.320000171661377,4.090000152587891,4.239999771118164,4.119999885559082,4.260000228881836,160928612,121867196
2020-11-18,3.2209737300872803,3.8729658126831055,4.110000133514404,4.260000228881836,4.139999866485596,4.289999961853027,4.090000152587891,4.239999771118164,4.099999904632568,4.260000228881836,141105354,91598550
2020-11-19,3.2288103103637695,3.8547823429107666,4.119999885559082,4.239999771118164,4.150000095367432,4.260000228881836,4.099999904632568,4.21999979019165,4.110000133514404,4.25,100221662,72451736
2020-11-20,3.2052998542785645,3.8547823429107666,4.090000152587891,4.239999771118164,4.130000114440918,4.239999771118164,4.070000171661377,4.199999809265137,4.119999885559082,4.230000019073486,94936212,75679042
2020-11-23,3.2915055751800537,3.918422222137451,4.199999809265137,4.309999942779541,4.199999809265137,4.340000152587891,4.099999904632568,4.230000019073486,4.099999904632568,4.230000019073486,255394821,196908319
2020-11-24,3.2836689949035645,3.93660569190979,4.190000057220459,4.329999923706055,4.230000019073486,4.340000152587891,4.179999828338623,4.28000020980835,4.199999809265137,4.309999942779541,125263644,122229169
2020-11-25,3.315016746520996,3.918422222137451,4.230000019073486,4.309999942779541,4.320000171661377,4.440000057220459,4.230000019073486,4.309999942779541,4.25,4.380000114440918,317337839,222786687
2020-11-26,3.3385276794433594,3.900240421295166,4.260000228881836,4.289999961853027,4.300000190734863,4.340000152587891,4.230000019073486,4.28000020980835,4.230000019073486,4.309999942779541,162329977,105128053
2020-11-27,3.354201555252075,3.909332036972046,4.28000020980835,4.300000190734863,4.28000020980835,4.309999942779541,4.21999979019165,4.25,4.260000228881836,4.289999961853027,127317332,125167949
2020-11-30,3.2836689949035645,3.918422222137451,4.190000057220459,4.309999942779541,4.329999923706055,4.369999885559082,4.190000057220459,4.269999980926514,4.269999980926514,4.309999942779541,201881064,190298550
2020-12-01,3.315016746520996,3.909332036972046,4.230000019073486,4.300000190734863,4.25,4.320000171661377,4.179999828338623,4.25,4.179999828338623,4.28000020980835,116281342,103898018
2020-12-02,3.3071794509887695,3.909332036972046,4.21999979019165,4.300000190734863,4.260000228881836,4.329999923706055,4.199999809265137,4.269999980926514,4.21999979019165,4.289999961853027,106814958,85786652
2020-12-03,3.2915055751800537,3.909332036972046,4.199999809265137,4.300000190734863,4.269999980926514,4.329999923706055,4.190000057220459,4.28000020980835,4.25,4.309999942779541,106665184,76602424
2020-12-04,3.275831699371338,3.900240421295166,4.179999828338623,4.289999961853027,4.21999979019165,4.309999942779541,4.139999866485596,4.260000228881836,4.199999809265137,4.300000190734863,124327964,81127889
2020-12-07,3.2209737300872803,3.8547823429107666,4.110000133514404,4.239999771118164,4.190000057220459,4.289999961853027,4.099999904632568,4.230000019073486,4.170000076293945,4.289999961853027,117473304,84910509
2020-12-08,3.213136672973633,3.827507972717285,4.099999904632568,4.210000038146973,4.130000114440918,4.260000228881836,4.079999923706055,4.199999809265137,4.110000133514404,4.239999771118164,73660095,60007714
2020-12-09,3.1896259784698486,3.800233840942383,4.070000171661377,4.179999828338623,4.119999885559082,4.230000019073486,4.070000171661377,4.179999828338623,4.090000152587891,4.210000038146973,78396215,60396677
2020-12-10,3.1817891597747803,3.809325695037842,4.059999942779541,4.190000057220459,4.079999923706055,4.210000038146973,4.050000190734863,4.179999828338623,4.070000171661377,4.179999828338623,73559154,62846049
2020-12-11,3.2288103103637695,3.836599588394165,4.119999885559082,4.21999979019165,4.119999885559082,4.239999771118164,4.050000190734863,4.190000057220459,4.099999904632568,4.21999979019165,125088937,90635718
2020-12-14,3.1817891597747803,3.809325695037842,4.059999942779541,4.190000057220459,4.099999904632568,4.239999771118164,4.039999961853027,4.170000076293945,4.090000152587891,4.199999809265137,107828479,64564180
2020-12-15,3.158278465270996,3.7729594707489014,4.03000020980835,4.150000095367432,4.050000190734863,4.190000057220459,4.0,4.130000114440918,4.039999961853027,4.179999828338623,71245124,68078348
2020-12-16,3.1661150455474854,3.7729594707489014,4.039999961853027,4.150000095367432,4.059999942779541,4.170000076293945,4.03000020980835,4.139999866485596,4.039999961853027,4.150000095367432,47071022,43062070
2020-12-17,3.2052998542785645,3.836599588394165,4.090000152587891,4.21999979019165,4.099999904632568,4.21999979019165,4.03000020980835,4.139999866485596,4.059999942779541,4.159999847412109,73530053,77813308
2020-12-18,3.213136672973633,3.8729658126831055,4.099999904632568,4.260000228881836,4.130000114440918,4.28000020980835,4.079999923706055,4.199999809265137,4.099999904632568,4.210000038146973,89943242,98544928
2020-12-21,3.1896259784698486,3.8638744354248047,4.070000171661377,4.25,4.110000133514404,4.28000020980835,4.050000190734863,4.239999771118164,4.090000152587891,4.260000228881836,90528671,73250859
2020-12-22,3.119093656539917,3.7638678550720215,3.9800000190734863,4.139999866485596,4.050000190734863,4.239999771118164,3.9800000190734863,4.130000114440918,4.039999961853027,4.230000019073486,121034740,100900143
2020-12-23,3.1269304752349854,3.7638678550720215,3.990000009536743,4.139999866485596,4.0,4.159999847412109,3.9700000286102295,4.130000114440918,3.990000009536743,4.139999866485596,66187138,65782985
2020-12-24,3.1269304752349854,3.782050848007202,3.990000009536743,4.159999847412109,4.019999980926514,4.170000076293945,3.9700000286102295,4.130000114440918,4.019999980926514,4.170000076293945,65498216,54134886
2020-12-25,3.134767532348633,3.791142463684082,4.0,4.170000076293945,4.010000228881836,4.179999828338623,3.9700000286102295,4.139999866485596,3.990000009536743,4.150000095367432,44862392,42183070
2020-12-28,3.1269304752349854,3.7638678550720215,3.990000009536743,4.139999866485596,4.010000228881836,4.179999828338623,3.9800000190734863,4.119999885559082,3.990000009536743,4.159999847412109,56639284,75957196
2020-12-29,3.1504414081573486,3.7547767162323,4.019999980926514,4.130000114440918,4.039999961853027,4.159999847412109,3.9800000190734863,4.099999904632568,3.9800000190734863,4.130000114440918,81676058,75961009
2020-12-30,3.1426045894622803,3.7547767162323,4.010000228881836,4.130000114440918,4.03000020980835,4.139999866485596,3.990000009536743,4.110000133514404,4.010000228881836,4.119999885559082,59293172,50012566
2020-12-31,3.158278465270996,3.7729594707489014,4.03000020980835,4.150000095367432,4.050000190734863,4.159999847412109,3.990000009536743,4.119999885559082,4.0,4.130000114440918,85261946,61264087
2021-01-04,3.158278465270996,3.809325695037842,4.03000020980835,4.190000057220459,4.050000190734863,4.199999809265137,3.990000009536743,4.139999866485596,4.039999961853027,4.150000095367432,110052440,96907113
2021-01-05,3.1504414081573486,3.800233840942383,4.019999980926514,4.179999828338623,4.03000020980835,4.179999828338623,3.9800000190734863,4.130000114440918,4.010000228881836,4.170000076293945,107596901,81851611
2021-01-06,3.2209737300872803,3.8638744354248047,4.110000133514404,4.25,4.110000133514404,4.260000228881836,4.039999961853027,4.199999809265137,4.050000190734863,4.199999809265137,183894490,138665156
2021-01-07,3.2288103103637695,3.8638744354248047,4.119999885559082,4.25,4.130000114440918,4.25,4.079999923706055,4.199999809265137,4.110000133514404,4.25,184736754,113085133
2021-01-08,3.2836689949035645,3.900240421295166,4.190000057220459,4.289999961853027,4.21999979019165,4.300000190734863,4.139999866485596,4.239999771118164,4.179999828338623,4.260000228881836,189007898,152421290
2021-01-11,3.1817891597747803,3.836599588394165,4.059999942779541,4.21999979019165,4.190000057220459,4.300000190734863,4.050000190734863,4.210000038146973,4.190000057220459,4.289999961853027,247239526,119641410
2021-01-12,3.252321481704712,3.918422222137451,4.150000095367432,4.309999942779541,4.150000095367432,4.309999942779541,4.050000190734863,4.199999809265137,4.059999942779541,4.210000038146973,146946494,143888797
2021-01-13,3.3071794509887695,3.9638803005218506,4.21999979019165,4.360000133514404,4.25,4.389999866485596,4.139999866485596,4.289999961853027,4.159999847412109,4.309999942779541,228990675,185290946
2021-01-14,3.315016746520996,3.93660569190979,4.230000019073486,4.329999923706055,4.28000020980835,4.389999866485596,4.179999828338623,4.309999942779541,4.210000038146973,4.329999923706055,191255566,128560607
2021-01-15,3.3228535652160645,3.891148567199707,4.239999771118164,4.28000020980835,4.260000228881836,4.369999885559082,4.210000038146973,4.269999980926514,4.230000019073486,4.349999904632568,160722724,146794503
2021-01-18,3.260158061981201,3.8638744354248047,4.159999847412109,4.25,4.210000038146973,4.28000020980835,4.139999866485596,4.239999771118164,4.199999809265137,4.25,201744129,90718352
2021-01-19,3.2679951190948486,3.8729658126831055,4.170000076293945,4.260000228881836,4.21999979019165,4.289999961853027,4.139999866485596,4.239999771118164,4.159999847412109,4.25,169801127,74803843
2021-01-20,3.260158061981201,3.882056951522827,4.159999847412109,4.269999980926514,4.230000019073486,4.309999942779541,4.130000114440918,4.230000019073486,4.199999809265137,4.269999980926514,109734687,81031637
2021-01-21,3.260158061981201,3.8638744354248047,4.159999847412109,4.25,4.190000057220459,4.28000020980835,4.130000114440918,4.239999771118164,4.150000095367432,4.25,105716400,71767521
2021-01-22,3.1896259784698486,3.800233840942383,4.070000171661377,4.179999828338623,4.150000095367432,4.25,4.059999942779541,4.179999828338623,4.150000095367432,4.25,131965495,98588245
2021-01-25,3.1504414081573486,3.7729594707489014,4.019999980926514,4.150000095367432,4.070000171661377,4.179999828338623,4.0,4.130000114440918,4.059999942779541,4.179999828338623,149375964,79340697
2021-01-26,3.158278465270996,3.782050848007202,4.03000020980835,4.159999847412109,4.039999961853027,4.179999828338623,4.010000228881836,4.130000114440918,4.010000228881836,4.139999866485596,94162125,60511883
2021-01-27,3.158278465270996,3.7729594707489014,4.03000020980835,4.150000095367432,4.070000171661377,4.179999828338623,4.019999980926514,4.139999866485596,4.03000020980835,4.159999847412109,99379006,72089555
2021-01-28,3.119093656539917,3.7547767162323,3.9800000190734863,4.130000114440918,4.03000020980835,4.139999866485596,3.9600000381469727,4.110000133514404,4.010000228881836,4.139999866485596,135121376,80810465
2021-01-29,3.095583200454712,3.7184104919433594,3.950000047683716,4.090000152587891,3.990000009536743,4.130000114440918,3.9200000762939453,4.079999923706055,3.9800000190734863,4.130000114440918,114203723,85750155
2021-02-01,3.095583200454712,3.7093191146850586,3.950000047683716,4.079999923706055,3.9600000381469727,4.099999904632568,3.9100000858306885,4.059999942779541,3.940000057220459,4.090000152587891,104645211,77991811
2021-02-02,3.0877459049224854,3.7184104919433594,3.940000057220459,4.090000152587891,3.990000009536743,4.119999885559082,3.930000066757202,4.079999923706055,3.9800000190734863,4.090000152587891,108528883,63664326
2021-02-03,3.1112565994262695,3.7184104919433594,3.9700000286102295,4.090000152587891,3.9700000286102295,4.119999885559082,3.940000057220459,4.079999923706055,3.9600000381469727,4.110000133514404,69622498,54129961
2021-02-04,3.1269304752349854,3.7184104919433594,3.990000009536743,4.090000152587891,3.990000009536743,4.110000133514404,3.950000047683716,4.050000190734863,3.9600000381469727,4.110000133514404,106503901,81347240
2021-02-05,3.103419780731201,3.7184104919433594,3.9600000381469727,4.090000152587891,4.0,4.110000133514404,3.9600000381469727,4.070000171661377,3.990000009536743,4.090000152587891,82078848,60496214
2021-02-08,3.1269304752349854,3.745684862136841,3.990000009536743,4.119999885559082,4.010000228881836,4.119999885559082,3.9700000286102295,4.079999923706055,3.9700000286102295,4.099999904632568,103930222,70048415
2021-02-09,3.2209737300872803,3.791142463684082,4.110000133514404,4.170000076293945,4.130000114440918,4.190000057220459,4.0,4.110000133514404,4.0,4.119999885559082,183498298,100174773
2021-02-10,3.2679951190948486,3.8184168338775635,4.170000076293945,4.199999809265137,4.21999979019165,4.21999979019165,4.099999904632568,4.150000095367432,4.099999904632568,4.159999847412109,259329795,89065007
2021-02-18,3.510939359664917,3.9820635318756104,4.480000019073486,4.380000114440918,4.579999923706055,4.480000019073486,4.400000095367432,4.349999904632568,4.449999809265137,4.429999828338623,838250520,453701363
2021-02-19,3.4247334003448486,3.9275143146514893,4.369999885559082,4.320000171661377,4.429999828338623,4.360000133514404,4.360000133514404,4.289999961853027,4.409999847412109,4.340000152587891,334171851,209440542
2021-02-22,3.644167184829712,4.045703411102295,4.650000095367432,4.449999809265137,4.739999771118164,4.53000020980835,4.409999847412109,4.329999923706055,4.409999847412109,4.340000152587891,599923131,360095877
2021-02-23,3.683351755142212,4.0729780197143555,4.699999809265137,4.480000019073486,4.840000152587891,4.539999961853027,4.659999847412109,4.449999809265137,4.800000190734863,4.539999961853027,446068544,262327277
2021-02-24,3.5736348628997803,3.9638803005218506,4.559999942779541,4.360000133514404,4.739999771118164,4.480000019073486,4.519999980926514,4.300000190734863,4.71999979019165,4.480000019073486,274553221,221193140
2021-02-25,3.652003765106201,4.027520179748535,4.659999847412109,4.429999828338623,4.739999771118164,4.5,4.619999885559082,4.409999847412109,4.679999828338623,4.429999828338623,223317053,190364182
2021-02-26,3.5344502925872803,3.9638803005218506,4.510000228881836,4.360000133514404,4.579999923706055,4.409999847412109,4.46999979019165,4.349999904632568,4.510000228881836,4.369999885559082,298757782,129860843
2021-03-01,3.5814719200134277,3.9729714393615723,4.570000171661377,4.369999885559082,4.590000152587891,4.400000095367432,4.460000038146973,4.329999923706055,4.539999961853027,4.389999866485596,213295718,112500173
2021-03-02,3.432570219039917,3.882056951522827,4.380000114440918,4.269999980926514,4.510000228881836,4.349999904632568,4.329999923706055,4.260000228881836,4.510000228881836,4.340000152587891,326255792,158120480
2021-03-03,3.4952659606933594,3.918422222137451,4.460000038146973,4.309999942779541,4.480000019073486,4.329999923706055,4.349999904632568,4.260000228881836,4.349999904632568,4.28000020980835,236043630,103706925
2021-03-04,3.487428903579712,3.93660569190979,4.449999809265137,4.329999923706055,4.510000228881836,4.369999885559082,4.409999847412109,4.309999942779541,4.460000038146973,4.320000171661377,163243559,120797848
2021-03-05,3.526613473892212,4.018428802490234,4.5,4.420000076293945,4.579999923706055,4.429999828338623,4.409999847412109,4.340000152587891,4.519999980926514,4.389999866485596,248960959,212177099
2021-03-08,3.5736348628997803,4.100252628326416,4.559999942779541,4.510000228881836,4.690000057220459,4.579999923706055,4.550000190734863,4.489999771118164,4.590000152587891,4.53000020980835,314678416,317476844
2021-03-09,3.5422871112823486,4.0638861656188965,4.519999980926514,4.46999979019165,4.610000133514404,4.519999980926514,4.449999809265137,4.409999847412109,4.510000228881836,4.480000019073486,224648728,198175668
2021-03-10,3.4639182090759277,3.991154670715332,4.420000076293945,4.389999866485596,4.510000228881836,4.46999979019165,4.400000095367432,4.389999866485596,4.489999771118164,4.460000038146973,149027437,116971016
2021-03-11,3.510939359664917,4.036612033843994,4.480000019073486,4.440000057220459,4.489999771118164,4.449999809265137,4.440000057220459,4.389999866485596,4.460000038146973,4.420000076293945,119855260,106602200
2021-03-12,3.510939359664917,4.045703411102295,4.480000019073486,4.449999809265137,4.519999980926514,4.480000019073486,4.429999828338623,4.409999847412109,4.5,4.460000038146973,137980472,108147674
2021-03-15,3.6128199100494385,4.100252628326416,4.610000133514404,4.510000228881836,4.619999885559082,4.519999980926514,4.46999979019165,4.429999828338623,4.46999979019165,4.429999828338623,236540480,143431847
2021-03-16,3.565798044204712,4.0638861656188965,4.550000190734863,4.46999979019165,4.590000152587891,4.5,4.519999980926514,4.440000057220459,4.570000171661377,4.489999771118164,116163072,92965905
2021-03-17,3.4952659606933594,4.036612033843994,4.460000038146973,4.440000057220459,4.519999980926514,4.449999809265137,4.440000057220459,4.389999866485596,4.519999980926514,4.449999809265137,150215513,92878001
2021-03-18,3.4795920848846436,4.009337425231934,4.440000057220459,4.409999847412109,4.460000038146973,4.440000057220459,4.409999847412109,4.409999847412109,4.460000038146973,4.429999828338623,138233862,77613380
2021-03-19,3.3385276794433594,3.9275143146514893,4.260000228881836,4.320000171661377,4.340000152587891,4.360000133514404,4.25,4.300000190734863,4.340000152587891,4.320000171661377,307982059,146109801
2021-03-22,3.3620383739471436,3.9638803005218506,4.289999961853027,4.360000133514404,4.309999942779541,4.360000133514404,4.269999980926514,4.300000190734863,4.269999980926514,4.309999942779541,151597465,75187588
2021-03-23,3.3385276794433594,3.9275143146514893,4.260000228881836,4.320000171661377,4.300000190734863,4.349999904632568,4.21999979019165,4.309999942779541,4.289999961853027,4.349999904632568,134253618,63729753
2021-03-24,3.3071794509887695,3.882056951522827,4.21999979019165,4.269999980926514,4.239999771118164,4.300000190734863,4.190000057220459,4.260000228881836,4.210000038146973,4.289999961853027,129693126,88091142
2021-03-25,3.315016746520996,3.891148567199707,4.230000019073486,4.28000020980835,4.269999980926514,4.320000171661377,4.21999979019165,4.28000020980835,4.25,4.300000190734863,115032790,65311351
2021-03-26,3.3228535652160645,3.900240421295166,4.239999771118164,4.289999961853027,4.260000228881836,4.309999942779541,4.210000038146973,4.269999980926514,4.210000038146973,4.289999961853027,98346102,59173993
2021-03-29,3.3620383739471436,3.909332036972046,4.289999961853027,4.300000190734863,4.349999904632568,4.340000152587891,4.269999980926514,4.289999961853027,4.289999961853027,4.309999942779541,194862435,85542117
2021-03-30,3.3855488300323486,3.909332036972046,4.320000171661377,4.300000190734863,4.349999904632568,4.320000171661377,4.300000190734863,4.289999961853027,4.320000171661377,4.309999942779541,150424541,69064287
2021-03-31,3.393385887145996,3.909332036972046,4.329999923706055,4.300000190734863,4.329999923706055,4.309999942779541,4.28000020980835,4.269999980926514,4.309999942779541,4.289999961853027,92678868,73192943
2021-04-01,3.369875192642212,3.891148567199707,4.300000190734863,4.28000020980835,4.329999923706055,4.289999961853027,4.28000020980835,4.269999980926514,4.320000171661377,4.289999961853027,104178533,60253780
2021-04-02,3.3855488300323486,3.891148567199707,4.320000171661377,4.28000020980835,4.349999904632568,4.300000190734863,4.300000190734863,4.269999980926514,4.329999923706055,4.300000190734863,142666770,65511675
2021-04-06,3.3620383739471436,3.8638744354248047,4.289999961853027,4.25,4.300000190734863,4.28000020980835,4.260000228881836,4.239999771118164,4.300000190734863,4.269999980926514,86146196,63693232
2021-04-07,3.4168968200683594,3.882056951522827,4.360000133514404,4.269999980926514,4.369999885559082,4.28000020980835,4.28000020980835,4.239999771118164,4.289999961853027,4.239999771118164,143872330,69200985
2021-04-08,3.4168968200683594,3.8729658126831055,4.360000133514404,4.260000228881836,4.380000114440918,4.28000020980835,4.329999923706055,4.25,4.340000152587891,4.260000228881836,105033134,61459554
2021-04-09,3.4404072761535645,3.882056951522827,4.389999866485596,4.269999980926514,4.400000095367432,4.289999961853027,4.340000152587891,4.25,4.360000133514404,4.25,102794543,70902434
2021-04-12,3.4404072761535645,3.891148567199707,4.389999866485596,4.28000020980835,4.429999828338623,4.300000190734863,4.360000133514404,4.260000228881836,4.389999866485596,4.269999980926514,108821002,71342216
2021-04-13,3.393385887145996,3.8638744354248047,4.329999923706055,4.25,4.389999866485596,4.289999961853027,4.300000190734863,4.230000019073486,4.380000114440918,4.28000020980835,111895489,72718016
2021-04-14,3.4090592861175537,3.8638744354248047,4.349999904632568,4.25,4.360000133514404,4.260000228881836,4.309999942779541,4.230000019073486,4.340000152587891,4.25,82237861,47314417
2021-04-15,3.4247334003448486,3.882056951522827,4.369999885559082,4.269999980926514,4.409999847412109,4.269999980926514,4.349999904632568,4.25,4.389999866485596,4.269999980926514,98335568,61020370
2021-04-16,3.487428903579712,3.918422222137451,4.449999809265137,4.309999942779541,4.46999979019165,4.320000171661377,4.369999885559082,4.260000228881836,4.380000114440918,4.269999980926514,162102075,84298740
2021-04-19,3.4639182090759277,3.900240421295166,4.420000076293945,4.289999961853027,4.46999979019165,4.309999942779541,4.400000095367432,4.28000020980835,4.460000038146973,4.309999942779541,140678189,92841650
2021-04-20,3.448244094848633,3.882056951522827,4.400000095367432,4.269999980926514,4.420000076293945,4.289999961853027,4.380000114440918,4.260000228881836,4.420000076293945,4.28000020980835,82299842,55123941
2021-04-21,3.354201555252075,3.845691204071045,4.28000020980835,4.230000019073486,4.369999885559082,4.269999980926514,4.269999980926514,4.230000019073486,4.369999885559082,4.260000228881836,196758056,81596140
2021-04-22,3.3385276794433594,3.791142463684082,4.260000228881836,4.170000076293945,4.289999961853027,4.239999771118164,4.230000019073486,4.150000095367432,4.269999980926514,4.239999771118164,150186757,162949740
2021-04-23,3.315016746520996,3.791142463684082,4.230000019073486,4.170000076293945,4.260000228881836,4.179999828338623,4.210000038146973,4.150000095367432,4.260000228881836,4.170000076293945,96375165,56813040
2021-04-26,3.299342632293701,3.791142463684082,4.210000038146973,4.170000076293945,4.25,4.190000057220459,4.199999809265137,4.159999847412109,4.21999979019165,4.170000076293945,98483522,55434274
2021-04-27,3.2915055751800537,3.7638678550720215,4.199999809265137,4.139999866485596,4.21999979019165,4.170000076293945,4.170000076293945,4.119999885559082,4.210000038146973,4.170000076293945,77235304,59998330
2021-04-28,3.3228535652160645,3.791142463684082,4.239999771118164,4.170000076293945,4.239999771118164,4.170000076293945,4.190000057220459,4.130000114440918,4.210000038146973,4.139999866485596,74458676,45653797
2021-04-29,3.354201555252075,3.8184168338775635,4.28000020980835,4.199999809265137,4.289999961853027,4.210000038146973,4.25,4.170000076293945,4.269999980926514,4.179999828338623,130117952,69819050
2021-04-30,3.354201555252075,3.8638744354248047,4.28000020980835,4.25,4.289999961853027,4.269999980926514,4.25,4.21999979019165,4.260000228881836,4.25,112476976,138481387
2021-05-06,3.4247334003448486,3.9820635318756104,4.369999885559082,4.380000114440918,4.389999866485596,4.409999847412109,4.320000171661377,4.269999980926514,4.329999923706055,4.28000020980835,184326852,270055045
2021-05-07,3.448244094848633,4.036612033843994,4.400000095367432,4.440000057220459,4.420000076293945,4.449999809265137,4.349999904632568,4.360000133514404,4.369999885559082,4.380000114440918,155208762,245375358
2021-05-10,3.526613473892212,4.1638922691345215,4.5,4.579999923706055,4.5,4.590000152587891,4.420000076293945,4.46999979019165,4.420000076293945,4.46999979019165,195942068,321335771
2021-05-11,3.487428903579712,4.14570951461792,4.449999809265137,4.559999942779541,4.46999979019165,4.570000171661377,4.389999866485596,4.5,4.460000038146973,4.550000190734863,151953943,221170045
2021-05-12,3.526613473892212,4.263898849487305,4.5,4.690000057220459,4.539999961853027,4.690000057220459,4.440000057220459,4.550000190734863,4.440000057220459,4.559999942779541,130070782,246311948
2021-05-13,3.471755027770996,4.263898849487305,4.429999828338623,4.690000057220459,4.489999771118164,4.710000038146973,4.409999847412109,4.619999885559082,4.480000019073486,4.690000057220459,113006235,205380543
2021-05-14,3.4404072761535645,4.227532863616943,4.389999866485596,4.650000095367432,4.429999828338623,4.679999828338623,4.349999904632568,4.579999923706055,4.409999847412109,4.639999866485596,120643091,203216228
2021-05-17,3.4639182090759277,4.236624240875244,4.420000076293945,4.659999847412109,4.449999809265137,4.730000019073486,4.400000095367432,4.639999866485596,4.420000076293945,4.679999828338623,121190553,157231873
2021-05-18,3.550124406814575,4.427545070648193,4.53000020980835,4.869999885559082,4.539999961853027,4.889999866485596,4.429999828338623,4.690000057220459,4.449999809265137,4.710000038146973,193491054,286449853
2021-05-19,3.471755027770996,4.3639044761657715,4.429999828338623,4.800000190734863,4.489999771118164,4.849999904632568,4.409999847412109,4.760000228881836,4.489999771118164,4.849999904632568,161015862,146280199
2021-05-20,3.4012229442596436,4.236624240875244,4.340000152587891,4.659999847412109,4.380000114440918,4.710000038146973,4.340000152587891,4.610000133514404,4.380000114440918,4.710000038146973,120585915,180200326
2021-05-21,3.4168968200683594,4.263898849487305,4.360000133514404,4.690000057220459,4.380000114440918,4.699999809265137,4.320000171661377,4.610000133514404,4.340000152587891,4.619999885559082,95573873,130572029
2021-05-24,3.4404072761535645,4.200258255004883,4.389999866485596,4.619999885559082,4.400000095367432,4.730000019073486,4.360000133514404,4.599999904632568,4.380000114440918,4.710000038146973,86883673,136556725
2021-05-25,3.471755027770996,4.291172981262207,4.429999828338623,4.71999979019165,4.449999809265137,4.739999771118164,4.369999885559082,4.659999847412109,4.420000076293945,4.670000076293945,155268999,166266122
2021-05-26,3.503103017807007,4.254807472229004,4.46999979019165,4.679999828338623,4.46999979019165,4.710000038146973,4.409999847412109,4.659999847412109,4.409999847412109,4.710000038146973,163527884,99747776
2021-05-27,3.503103017807007,4.218441009521484,4.46999979019165,4.639999866485596,4.539999961853027,4.699999809265137,4.449999809265137,4.639999866485596,4.449999809265137,4.670000076293945,165190924,104585905
2021-05-28,3.503103017807007,4.245716094970703,4.46999979019165,4.670000076293945,4.53000020980835,4.710000038146973,4.449999809265137,4.650000095367432,4.510000228881836,4.670000076293945,100540810,78185313
2021-05-31,3.4639182090759277,4.200258255004883,4.420000076293945,4.619999885559082,4.449999809265137,4.659999847412109,4.380000114440918,4.599999904632568,4.449999809265137,4.659999847412109,120151734,88406417
2021-06-01,3.503103017807007,4.282081604003906,4.46999979019165,4.710000038146973,4.480000019073486,4.71999979019165,4.389999866485596,4.610000133514404,4.420000076293945,4.630000114440918,141526091,128459929
2021-06-02,3.5187759399414062,4.282081604003906,4.489999771118164,4.710000038146973,4.510000228881836,4.769999980926514,4.460000038146973,4.679999828338623,4.489999771118164,4.730000019073486,136072894,132293892
2021-06-03,3.5422871112823486,4.318447589874268,4.519999980926514,4.75,4.550000190734863,4.820000171661377,4.5,4.739999771118164,4.5,4.760000228881836,197273342,132868875
2021-06-04,3.5187759399414062,4.263898849487305,4.489999771118164,4.690000057220459,4.519999980926514,4.730000019073486,4.460000038146973,4.650000095367432,4.5,4.710000038146973,116858780,111174350
2021-06-07,3.550124406814575,4.318447589874268,4.53000020980835,4.75,4.539999961853027,4.760000228881836,4.489999771118164,4.71999979019165,4.510000228881836,4.730000019073486,116240996,106802570
2021-06-08,3.526613473892212,4.291172981262207,4.5,4.71999979019165,4.510000228881836,4.75,4.449999809265137,4.699999809265137,4.5,4.730000019073486,158327965,80919951
2021-06-09,3.604982376098633,4.445728302001953,4.599999904632568,4.889999866485596,4.619999885559082,4.900000095367432,4.510000228881836,4.75,4.519999980926514,4.760000228881836,247701931,228646166
2021-06-10,3.589308500289917,4.4639105796813965,4.579999923706055,4.909999847412109,4.619999885559082,4.940000057220459,4.559999942779541,4.840000152587891,4.570000171661377,4.849999904632568,159983061,146494571
2021-06-11,3.652003765106201,4.718472480773926,4.659999847412109,5.190000057220459,4.760000228881836,5.309999942779541,4.599999904632568,4.920000076293945,4.610000133514404,4.929999828338623,296905200,439871268
2021-06-15,3.667677879333496,4.754837989807129,4.679999828338623,5.230000019073486,4.800000190734863,5.349999904632568,4.659999847412109,5.150000095367432,4.699999809265137,5.210000038146973,268109480,329884758
2021-06-16,3.683351755142212,4.827569961547852,4.699999809265137,5.309999942779541,4.78000020980835,5.429999828338623,4.690000057220459,5.210000038146973,4.739999771118164,5.329999923706055,178682856,327243836
2021-06-17,3.618872880935669,4.754837989807129,4.489999771118164,5.230000019073486,4.590000152587891,5.25,4.480000019073486,5.099999904632568,4.579999923706055,5.25,144674156,282219317
2021-06-18,3.5221548080444336,4.6821064949035645,4.369999885559082,5.150000095367432,4.46999979019165,5.210000038146973,4.349999904632568,5.090000152587891,4.460000038146973,5.150000095367432,209242076,196681969
2021-06-21,3.4576761722564697,4.645740032196045,4.289999961853027,5.110000133514404,4.389999866485596,5.21999979019165,4.28000020980835,5.059999942779541,4.369999885559082,5.199999809265137,230399675,186233261
2021-06-22,3.5705137252807617,4.891210079193115,4.429999828338623,5.380000114440918,4.46999979019165,5.449999809265137,4.329999923706055,5.190000057220459,4.340000152587891,5.199999809265137,261793370,301101530
2021-06-23,3.5785739421844482,4.891210079193115,4.440000057220459,5.380000114440918,4.449999809265137,5.420000076293945,4.380000114440918,5.289999961853027,4.429999828338623,5.380000114440918,99809744,179770310
2021-06-24,3.5624542236328125,4.900301456451416,4.420000076293945,5.389999866485596,4.440000057220459,5.420000076293945,4.389999866485596,5.320000171661377,4.440000057220459,5.380000114440918,102543220,132352359
2021-06-25,3.5624542236328125,4.918484210968018,4.420000076293945,5.409999847412109,4.489999771118164,5.550000190734863,4.409999847412109,5.340000152587891,4.429999828338623,5.400000095367432,151006731,217172960
2021-06-28,3.530214786529541,4.863935470581055,4.380000114440918,5.349999904632568,4.46999979019165,5.519999980926514,4.360000133514404,5.349999904632568,4.449999809265137,5.480000019073486,127611752,160496395
2021-06-29,3.506035089492798,4.843066215515137,4.349999904632568,5.239999771118164,4.369999885559082,5.309999942779541,4.320000171661377,5.099999904632568,4.360000133514404,5.21999979019165,128878874,166082569
2021-06-30,3.5140950679779053,4.889278888702393,4.360000133514404,5.289999961853027,4.380000114440918,5.309999942779541,4.329999923706055,5.199999809265137,4.360000133514404,5.25,77308781,104135616
2021-07-01,3.489915370941162,4.843066215515137,4.329999923706055,5.239999771118164,4.380000114440918,5.320000171661377,4.329999923706055,5.170000076293945,4.369999885559082,5.309999942779541,76574693,131834225
2021-07-02,3.4737954139709473,4.8338236808776855,4.309999942779541,5.230000019073486,4.420000076293945,5.440000057220459,4.300000190734863,5.210000038146973,4.400000095367432,5.349999904632568,177946142,228263366
2021-07-05,3.465735912322998,4.796854019165039,4.300000190734863,5.190000057220459,4.320000171661377,5.239999771118164,4.260000228881836,5.079999923706055,4.309999942779541,5.210000038146973,129845976,168500655
2021-07-06,3.481855869293213,4.852308750152588,4.320000171661377,5.25,4.349999904632568,5.269999980926514,4.289999961853027,5.210000038146973,4.320000171661377,5.239999771118164,118036719,108448875
2021-07-07,3.441556453704834,4.732156276702881,4.269999980926514,5.119999885559082,4.289999961853027,5.159999847412109,4.25,5.059999942779541,4.28000020980835,5.110000133514404,145678625,176769971
2021-07-08,3.3851373195648193,4.612003803253174,4.199999809265137,4.989999771118164,4.260000228881836,5.090000152587891,4.199999809265137,4.940000057220459,4.260000228881836,5.050000190734863,137307017,201439206
2021-07-09,3.3851373195648193,4.612003803253174,4.199999809265137,4.989999771118164,4.21999979019165,5.050000190734863,4.179999828338623,4.940000057220459,4.199999809265137,5.019999980926514,112045706,140322842
2021-07-12,3.3609578609466553,4.556549072265625,4.170000076293945,4.929999828338623,4.239999771118164,5.059999942779541,4.170000076293945,4.920000076293945,4.230000019073486,5.050000190734863,144576157,151192147
2021-07-13,3.3931968212127686,4.575033664703369,4.210000038146973,4.949999809265137,4.230000019073486,5.0,4.170000076293945,4.880000114440918,4.190000057220459,4.929999828338623,121954444,130243825
2021-07-14,3.3690173625946045,4.510336875915527,4.179999828338623,4.880000114440918,4.21999979019165,4.960000038146973,4.170000076293945,4.860000133514404,4.21999979019165,4.949999809265137,105048025,132631065
2021-07-15,3.3609578609466553,4.491851329803467,4.170000076293945,4.860000133514404,4.179999828338623,4.900000095367432,4.130000114440918,4.760000228881836,4.159999847412109,4.800000190734863,110263251,163533047
2021-07-16,3.3448383808135986,4.45488166809082,4.150000095367432,4.820000171661377,4.179999828338623,4.860000133514404,4.139999866485596,4.800000190734863,4.159999847412109,4.820000171661377,103916174,109456278
2021-07-19,3.2803597450256348,4.380940914154053,4.070000171661377,4.739999771118164,4.150000095367432,4.809999942779541,4.050000190734863,4.690000057220459,4.150000095367432,4.809999942779541,200799873,132306496
2021-07-20,3.288419008255005,4.3439717292785645,4.079999923706055,4.699999809265137,4.090000152587891,4.710000038146973,4.019999980926514,4.579999923706055,4.019999980926514,4.650000095367432,116285859,189554043
2021-07-21,3.248120069503784,4.325486183166504,4.03000020980835,4.679999828338623,4.079999923706055,4.71999979019165,4.03000020980835,4.630000114440918,4.079999923706055,4.699999809265137,99339423,91956780
2021-07-22,3.288419008255005,4.380940914154053,4.079999923706055,4.739999771118164,4.099999904632568,4.840000152587891,4.050000190734863,4.71999979019165,4.070000171661377,4.75,135730171,168187865
2021-07-23,3.2722995281219482,4.353214263916016,4.059999942779541,4.710000038146973,4.099999904632568,4.800000190734863,4.059999942779541,4.699999809265137,4.090000152587891,4.739999771118164,95349340,113808370
2021-07-26,3.2561795711517334,4.279273986816406,4.039999961853027,4.630000114440918,4.070000171661377,4.71999979019165,4.010000228881836,4.599999904632568,4.070000171661377,4.710000038146973,127603169,140986148
2021-07-27,3.240060329437256,4.3439717292785645,4.019999980926514,4.699999809265137,4.090000152587891,4.78000020980835,4.010000228881836,4.639999866485596,4.039999961853027,4.650000095367432,137442212,185250883
2021-07-28,3.2078206539154053,4.297759532928467,3.9800000190734863,4.650000095367432,4.039999961853027,4.730000019073486,3.9700000286102295,4.579999923706055,4.019999980926514,4.650000095367432,160749957,156298096
2021-07-29,3.2078206539154053,4.288516521453857,3.9800000190734863,4.639999866485596,4.0,4.679999828338623,3.950000047683716,4.599999904632568,4.0,4.670000076293945,112429589,126760280
2021-07-30,3.2158806324005127,4.325486183166504,3.990000009536743,4.679999828338623,4.010000228881836,4.730000019073486,3.950000047683716,4.599999904632568,3.9700000286102295,4.639999866485596,89770835,120652888
2021-08-02,3.223940372467041,4.316244602203369,4.0,4.670000076293945,4.010000228881836,4.679999828338623,3.9200000762939453,4.550000190734863,3.9800000190734863,4.650000095367432,143752830,145445121
2021-08-03,3.2078206539154053,4.23306131362915,3.9800000190734863,4.579999923706055,4.0,4.630000114440918,3.9600000381469727,4.570000171661377,3.9700000286102295,4.599999904632568,104833047,128018000
2021-08-04,3.223940372467041,4.260789394378662,4.0,4.610000133514404,4.0,4.630000114440918,3.950000047683716,4.559999942779541,3.9700000286102295,4.579999923706055,76843697,82971888
2021-08-05,3.2158806324005127,4.214576244354248,3.990000009536743,4.559999942779541,4.019999980926514,4.599999904632568,3.9600000381469727,4.550000190734863,3.9800000190734863,4.570000171661377,86014608,99971248
2021-08-06,3.199760913848877,4.205334663391113,3.9700000286102295,4.550000190734863,4.0,4.579999923706055,3.9600000381469727,4.510000228881836,4.0,4.570000171661377,100167170,94095256
2021-08-09,3.223940372467041,4.196091651916504,4.0,4.539999961853027,4.0,4.570000171661377,3.950000047683716,4.5,3.9600000381469727,4.510000228881836,89452901,80072142
2021-08-10,3.223940372467041,4.205334663391113,4.0,4.550000190734863,4.0,4.559999942779541,3.9700000286102295,4.5,3.990000009536743,4.53000020980835,79408820,89859950
2021-08-11,3.2561795711517334,4.260789394378662,4.039999961853027,4.610000133514404,4.050000190734863,4.639999866485596,4.0,4.570000171661377,4.010000228881836,4.570000171661377,124784597,143398923
2021-08-12,3.264239549636841,4.251546859741211,4.050000190734863,4.599999904632568,4.059999942779541,4.639999866485596,4.019999980926514,4.570000171661377,4.050000190734863,4.610000133514404,108665367,93787358
2021-08-13,3.223940372467041,4.205334663391113,4.0,4.550000190734863,4.050000190734863,4.610000133514404,3.990000009536743,4.539999961853027,4.039999961853027,4.599999904632568,111460688,95321927
2021-08-16,3.288419008255005,4.251546859741211,4.079999923706055,4.599999904632568,4.079999923706055,4.619999885559082,3.990000009536743,4.519999980926514,4.0,4.539999961853027,187260413,128490359
2021-08-17,3.2561795711517334,4.186849594116211,4.039999961853027,4.53000020980835,4.119999885559082,4.619999885559082,4.03000020980835,4.510000228881836,4.070000171661377,4.590000152587891,165390038,141404592
2021-08-18,3.288419008255005,4.196091651916504,4.079999923706055,4.539999961853027,4.079999923706055,4.550000190734863,4.010000228881836,4.480000019073486,4.019999980926514,4.510000228881836,124526973,114550677
2021-08-19,3.183641195297241,4.10366678237915,3.950000047683716,4.440000057220459,4.050000190734863,4.510000228881836,3.940000057220459,4.429999828338623,4.039999961853027,4.5,302924558,141052508
2021-08-20,3.1917009353637695,4.066696643829346,3.9600000381469727,4.400000095367432,3.9700000286102295,4.449999809265137,3.940000057220459,4.369999885559082,3.9600000381469727,4.429999828338623,118117169,132496951
2021-08-23,3.2078206539154053,4.094424247741699,3.9800000190734863,4.429999828338623,4.0,4.460000038146973,3.9600000381469727,4.389999866485596,3.9600000381469727,4.389999866485596,103893721,100281056
2021-08-24,3.223940372467041,4.16836404800415,4.0,4.510000228881836,4.03000020980835,4.519999980926514,3.990000009536743,4.46999979019165,4.019999980926514,4.489999771118164,106426316,134590994
2021-08-25,3.2561795711517334,4.260789394378662,4.039999961853027,4.610000133514404,4.050000190734863,4.610000133514404,4.0,4.5,4.010000228881836,4.539999961853027,127870562,136977460
2021-08-26,3.2803597450256348,4.297759532928467,4.070000171661377,4.650000095367432,4.079999923706055,4.699999809265137,4.039999961853027,4.590000152587891,4.050000190734863,4.610000133514404,159721149,158848460
2021-08-27,3.3045387268066406,4.37169885635376,4.099999904632568,4.730000019073486,4.110000133514404,4.730000019073486,4.050000190734863,4.650000095367432,4.059999942779541,4.670000076293945,160022064,164829467
2021-08-30,3.3690173625946045,4.491851329803467,4.179999828338623,4.860000133514404,4.190000057220459,4.880000114440918,4.119999885559082,4.769999980926514,4.139999866485596,4.78000020980835,264477359,240349140
2021-08-31,3.4334964752197266,4.565791606903076,4.260000228881836,4.940000057220459,4.28000020980835,4.949999809265137,4.139999866485596,4.78000020980835,4.179999828338623,4.840000152587891,299890872,216671818
2021-09-01,3.441556453704834,4.556549072265625,4.269999980926514,4.929999828338623,4.320000171661377,5.0,4.21999979019165,4.869999885559082,4.269999980926514,4.960000038146973,286679181,177335823
2021-09-02,3.4737954139709473,4.5842766761779785,4.309999942779541,4.960000038146973,4.320000171661377,4.989999771118164,4.25,4.889999866485596,4.260000228881836,4.920000076293945,218101765,147180093
2021-09-03,3.5140950679779053,4.667459011077881,4.360000133514404,5.050000190734863,4.400000095367432,5.079999923706055,4.329999923706055,5.010000228881836,4.340000152587891,5.019999980926514,239287456,180042394
2021-09-06,3.5140950679779053,4.630489349365234,4.360000133514404,5.010000228881836,4.389999866485596,5.099999904632568,4.340000152587891,5.0,4.360000133514404,5.03000020980835,172622090,133887827
2021-09-07,3.6108133792877197,4.741398811340332,4.480000019073486,5.130000114440918,4.480000019073486,5.150000095367432,4.340000152587891,5.0,4.360000133514404,5.019999980926514,311848974,204743489
2021-09-08,3.6511127948760986,4.7691264152526855,4.53000020980835,5.159999847412109,4.550000190734863,5.230000019073486,4.449999809265137,5.079999923706055,4.460000038146973,5.099999904632568,287994316,143115301
2021-09-09,3.747830867767334,4.870793342590332,4.650000095367432,5.269999980926514,4.690000057220459,5.329999923706055,4.53000020980835,5.150000095367432,4.550000190734863,5.159999847412109,412391183,255254540
2021-09-10,3.6672322750091553,4.796854019165039,4.550000190734863,5.190000057220459,4.670000076293945,5.300000190734863,4.519999980926514,5.159999847412109,4.630000114440918,5.239999771118164,353125807,211373070
2021-09-13,3.7881298065185547,5.083370685577393,4.699999809265137,5.5,4.730000019073486,5.510000228881836,4.590000152587891,5.239999771118164,4.590000152587891,5.260000228881836,379516518,391445040
2021-09-14,3.747830867767334,5.277463436126709,4.650000095367432,5.710000038146973,4.949999809265137,5.989999771118164,4.619999885559082,5.460000038146973,4.699999809265137,5.53000020980835,595752196,660045926
2021-09-15,3.8123092651367188,5.536252975463867,4.730000019073486,5.989999771118164,4.800000190734863,6.110000133514404,4.579999923706055,5.599999904632568,4.619999885559082,5.619999885559082,438462942,592728613
2021-09-16,3.747830867767334,5.4992828369140625,4.650000095367432,5.949999809265137,4.860000133514404,6.190000057220459,4.630000114440918,5.860000133514404,4.829999923706055,6.150000095367432,457714686,541831229
2021-09-17,3.747830390930176,5.386265754699707,4.489999771118164,5.699999809265137,4.639999866485596,5.940000057220459,4.340000152587891,5.5,4.46999979019165,5.78000020980835,443174093,431724314
2021-09-22,3.923118829727173,5.7736992835998535,4.699999809265137,6.110000133514404,4.699999809265137,6.150000095367432,4.400000095367432,5.579999923706055,4.409999847412109,5.630000114440918,390160290,490501184
2021-09-23,3.8730366230010986,5.660303592681885,4.639999866485596,5.989999771118164,4.78000020980835,6.179999828338623,4.610000133514404,5.920000076293945,4.730000019073486,6.150000095367432,330503583,433737638
2021-09-24,3.7895655632019043,5.641404628753662,4.539999961853027,5.96999979019165,4.739999771118164,6.25,4.510000228881836,5.940000057220459,4.659999847412109,6.050000190734863,310640584,370097507
2021-09-27,3.7227892875671387,5.868195056915283,4.460000038146973,6.210000038146973,4.639999866485596,6.360000133514404,4.440000057220459,6.059999942779541,4.579999923706055,6.099999904632568,335166858,565182628
2021-09-28,3.9565069675445557,6.13278341293335,4.739999771118164,6.489999771118164,4.809999942779541,6.489999771118164,4.489999771118164,6.090000152587891,4.519999980926514,6.300000190734863,553126947,558838749
2021-09-29,3.7227892875671387,5.707552433013916,4.460000038146973,6.039999961853027,4.639999866485596,6.289999961853027,4.400000095367432,5.860000133514404,4.630000114440918,6.289999961853027,536503133,580119931
2021-09-30,3.7227892875671387,5.679203987121582,4.460000038146973,6.010000228881836,4.480000019073486,6.070000171661377,4.360000133514404,5.789999961853027,4.460000038146973,5.940000057220459,246316656,331622535
2021-10-08,3.831301212310791,5.934342384338379,4.590000152587891,6.28000020980835,4.650000095367432,6.46999979019165,4.510000228881836,6.130000114440918,4.619999885559082,6.360000133514404,330265047,376290774
2021-10-11,3.8563425540924072,5.811497688293457,4.619999885559082,6.150000095367432,4.670000076293945,6.389999866485596,4.559999942779541,6.110000133514404,4.610000133514404,6.329999923706055,242940748,263885657
2021-10-12,3.7645249366760254,5.6697540283203125,4.510000228881836,6.0,4.650000095367432,6.260000228881836,4.460000038146973,5.909999847412109,4.590000152587891,6.119999885559082,241862456,300847619
2021-10-13,3.6142773628234863,5.43351411819458,4.329999923706055,5.75,4.480000019073486,5.929999828338623,4.289999961853027,5.539999961853027,4.46999979019165,5.900000095367432,319833161,383123761
2021-10-14,3.622624635696411,5.386265754699707,4.340000152587891,5.699999809265137,4.380000114440918,5.800000190734863,4.289999961853027,5.659999847412109,4.329999923706055,5.739999771118164,129487530,193726194
2021-10-15,3.689401149749756,5.6225056648254395,4.420000076293945,5.949999809265137,4.420000076293945,6.0,4.320000171661377,5.679999828338623,4.369999885559082,5.75,211525136,301990121
2021-10-18,3.7645249366760254,5.679203987121582,4.510000228881836,6.010000228881836,4.519999980926514,6.079999923706055,4.400000095367432,5.860000133514404,4.429999828338623,5.989999771118164,258992361,203643268
2021-10-19,3.781219005584717,5.631955146789551,4.53000020980835,5.960000038146973,4.539999961853027,5.989999771118164,4.420000076293945,5.840000152587891,4.46999979019165,5.900000095367432,209153420,180080788
2021-10-20,3.714442491531372,5.52800989151001,4.449999809265137,5.849999904632568,4.5,5.920000076293945,4.420000076293945,5.809999942779541,4.460000038146973,5.849999904632568,182937255,161208047
2021-10-21,3.73948335647583,5.556358814239502,4.480000019073486,5.880000114440918,4.519999980926514,5.980000019073486,4.449999809265137,5.849999904632568,4.480000019073486,5.909999847412109,185046464,154179771
2021-10-22,3.6393189430236816,5.386265754699707,4.360000133514404,5.699999809265137,4.480000019073486,5.880000114440918,4.340000152587891,5.659999847412109,4.449999809265137,5.829999923706055,217324325,199879302
2021-10-25,3.714442491531372,5.584707260131836,4.449999809265137,5.909999847412109,4.510000228881836,6.019999980926514,4.340000152587891,5.699999809265137,4.389999866485596,5.760000228881836,205336382,215676103
2021-10-26,3.689401149749756,5.52800989151001,4.420000076293945,5.849999904632568,4.489999771118164,5.980000019073486,4.409999847412109,5.820000171661377,4.449999809265137,5.96999979019165,123191537,132676344
2021-10-27,3.6309714317321777,5.490211486816406,4.349999904632568,5.809999942779541,4.429999828338623,5.900000095367432,4.329999923706055,5.739999771118164,4.420000076293945,5.820000171661377,166850962,148011878
2021-10-28,3.505765676498413,5.150026321411133,4.199999809265137,5.449999809265137,4.309999942779541,5.699999809265137,4.170000076293945,5.409999847412109,4.300000190734863,5.699999809265137,270223500,309001878
2021-10-29,3.5475010871887207,5.178374767303467,4.25,5.480000019073486,4.269999980926514,5.53000020980835,4.190000057220459,5.329999923706055,4.230000019073486,5.510000228881836,161791956,216514984
2021-11-01,3.5224595069885254,5.083879470825195,4.21999979019165,5.380000114440918,4.269999980926514,5.510000228881836,4.199999809265137,5.360000133514404,4.239999771118164,5.46999979019165,144344285,175052221
2021-11-02,3.4640305042266846,4.979933738708496,4.150000095367432,5.269999980926514,4.25,5.440000057220459,4.099999904632568,5.159999847412109,4.25,5.429999828338623,252870672,208280649
2021-11-03,3.4640305042266846,4.894887447357178,4.150000095367432,5.179999828338623,4.179999828338623,5.260000228881836,4.099999904632568,5.130000114440918,4.110000133514404,5.190000057220459,135010845,165409306
2021-11-04,3.455683469772339,4.790942192077637,4.139999866485596,5.070000171661377,4.150000095367432,5.110000133514404,4.079999923706055,5.010000228881836,4.119999885559082,5.099999904632568,140053780,204028543
2021-11-05,3.4139482975006104,4.630299091339111,4.090000152587891,4.900000095367432,4.130000114440918,5.050000190734863,4.079999923706055,4.900000095367432,4.130000114440918,5.019999980926514,133598187,189981593
2021-11-08,3.4139482975006104,4.658647537231445,4.090000152587891,4.929999828338623,4.139999866485596,5.03000020980835,4.090000152587891,4.909999847412109,4.130000114440918,4.949999809265137,119136465,154833469
2021-11-09,3.3805599212646484,4.583050727844238,4.050000190734863,4.849999904632568,4.110000133514404,4.940000057220459,4.039999961853027,4.829999923706055,4.099999904632568,4.929999828338623,154510903,149191854
2021-11-10,3.4056010246276855,4.583050727844238,4.079999923706055,4.849999904632568,4.079999923706055,4.909999847412109,4.039999961853027,4.789999961853027,4.070000171661377,4.900000095367432,134486559,178855653
2021-11-11,3.422295093536377,4.554702281951904,4.099999904632568,4.820000171661377,4.110000133514404,4.849999904632568,4.039999961853027,4.769999980926514,4.050000190734863,4.800000190734863,123956340,167893108
2021-11-12,3.430642604827881,4.545252799987793,4.110000133514404,4.809999942779541,4.130000114440918,4.849999904632568,4.070000171661377,4.78000020980835,4.099999904632568,4.829999923706055,107596881,145004216
2021-11-15,3.422295093536377,4.545252799987793,4.099999904632568,4.809999942779541,4.110000133514404,4.829999923706055,4.079999923706055,4.760000228881836,4.099999904632568,4.800000190734863,86677595,123106308
2021-11-16,3.430642604827881,4.5074543952941895,4.110000133514404,4.769999980926514,4.150000095367432,4.849999904632568,4.090000152587891,4.769999980926514,4.110000133514404,4.809999942779541,108037654,172511911
2021-11-17,3.430642604827881,4.564151763916016,4.110000133514404,4.829999923706055,4.119999885559082,4.829999923706055,4.090000152587891,4.739999771118164,4.110000133514404,4.769999980926514,74651664,127566080
2021-11-18,3.4056010246276855,4.5074543952941895,4.079999923706055,4.769999980926514,4.110000133514404,4.809999942779541,4.079999923706055,4.760000228881836,4.099999904632568,4.78000020980835,81634642,136866113
2021-11-19,3.4890716075897217,4.564151763916016,4.179999828338623,4.829999923706055,4.190000057220459,4.849999904632568,4.079999923706055,4.739999771118164,4.099999904632568,4.769999980926514,174345527,150205121
2021-11-22,3.447336435317993,4.583050727844238,4.130000114440918,4.849999904632568,4.159999847412109,4.849999904632568,4.110000133514404,4.78000020980835,4.139999866485596,4.789999961853027,134750995,171120839
2021-11-23,3.4389891624450684,4.592500686645508,4.119999885559082,4.860000133514404,4.150000095367432,4.920000076293945,4.099999904632568,4.829999923706055,4.119999885559082,4.829999923706055,109857554,155065058
2021-11-24,3.472377300262451,4.677546501159668,4.159999847412109,4.949999809265137,4.179999828338623,5.019999980926514,4.119999885559082,4.920000076293945,4.150000095367432,4.920000076293945,112461459,170729997
2021-11-25,3.4389891624450684,4.601949691772461,4.119999885559082,4.869999885559082,4.150000095367432,4.96999979019165,4.110000133514404,4.860000133514404,4.139999866485596,4.949999809265137,82037781,116386844
2021-11-26,3.4139482975006104,4.5074543952941895,4.090000152587891,4.769999980926514,4.110000133514404,4.849999904632568,4.079999923706055,4.75,4.090000152587891,4.849999904632568,79599947,154764664
2021-11-29,3.388906717300415,4.479104995727539,4.059999942779541,4.739999771118164,4.070000171661377,4.78000020980835,4.019999980926514,4.639999866485596,4.019999980926514,4.659999847412109,109627152,150200197
2021-11-30,3.3722126483917236,4.450756549835205,4.039999961853027,4.710000038146973,4.090000152587891,4.78000020980835,4.03000020980835,4.690000057220459,4.059999942779541,4.730000019073486,105217971,120112740
2021-12-01,3.447336435317993,4.592500686645508,4.130000114440918,4.860000133514404,4.139999866485596,4.869999885559082,4.039999961853027,4.690000057220459,4.039999961853027,4.699999809265137,129070559,150573017
2021-12-02,3.4974186420440674,4.620849609375,4.190000057220459,4.889999866485596,4.230000019073486,4.949999809265137,4.119999885559082,4.820000171661377,4.139999866485596,4.829999923706055,184036456,125435150
2021-12-03,3.505765676498413,4.649198055267334,4.199999809265137,4.920000076293945,4.21999979019165,4.96999979019165,4.139999866485596,4.849999904632568,4.210000038146973,4.929999828338623,133620453,115217682
2021-12-06,3.4890716075897217,4.620849609375,4.179999828338623,4.889999866485596,4.21999979019165,4.96999979019165,4.179999828338623,4.880000114440918,4.199999809265137,4.909999847412109,115153726,100108172
2021-12-07,3.5308070182800293,4.6869964599609375,4.230000019073486,4.960000038146973,4.239999771118164,4.96999979019165,4.179999828338623,4.900000095367432,4.21999979019165,4.940000057220459,131608198,129564119
2021-12-08,3.5224595069885254,4.734244346618652,4.21999979019165,5.010000228881836,4.25,5.039999961853027,4.210000038146973,4.96999979019165,4.239999771118164,4.989999771118164,117228826,140922137
2021-12-09,3.564195394515991,4.800391674041748,4.269999980926514,5.079999923706055,4.28000020980835,5.090000152587891,4.210000038146973,5.0,4.230000019073486,5.019999980926514,162228694,134619349
2021-12-10,3.5224595069885254,4.696445941925049,4.21999979019165,4.96999979019165,4.260000228881836,5.059999942779541,4.190000057220459,4.929999828338623,4.25,5.059999942779541,170108160,159231077
2021-12-13,3.5224595069885254,4.6869964599609375,4.21999979019165,4.960000038146973,4.260000228881836,5.010000228881836,4.210000038146973,4.940000057220459,4.21999979019165,4.960000038146973,98005780,115811588
2021-12-14,3.472377300262451,4.592500686645508,4.159999847412109,4.860000133514404,4.210000038146973,4.940000057220459,4.159999847412109,4.820000171661377,4.210000038146973,4.940000057220459,98174385,158425015
2021-12-15,3.4640305042266846,4.564151763916016,4.150000095367432,4.829999923706055,4.179999828338623,4.849999904632568,4.139999866485596,4.789999961853027,4.150000095367432,4.829999923706055,69862541,94357633
2021-12-16,3.5224595069885254,4.668097496032715,4.21999979019165,4.940000057220459,4.21999979019165,4.949999809265137,4.159999847412109,4.840000152587891,4.170000076293945,4.849999904632568,104785926,134647190
2021-12-17,3.505765676498413,4.668097496032715,4.199999809265137,4.940000057220459,4.239999771118164,4.989999771118164,4.190000057220459,4.909999847412109,4.210000038146973,4.929999828338623,95602809,105737521
2021-12-20,3.4890716075897217,4.583050727844238,4.179999828338623,4.849999904632568,4.199999809265137,4.900000095367432,4.170000076293945,4.849999904632568,4.190000057220459,4.880000114440918,87010642,106975700
2021-12-21,3.514112949371338,4.630299091339111,4.210000038146973,4.900000095367432,4.21999979019165,4.909999847412109,4.170000076293945,4.840000152587891,4.179999828338623,4.849999904632568,82630543,76004596
2021-12-22,3.505765676498413,4.620849609375,4.199999809265137,4.889999866485596,4.25,4.989999771118164,4.190000057220459,4.889999866485596,4.230000019073486,4.929999828338623,82139475,109723930
2021-12-23,3.5475010871887207,4.753143787384033,4.25,5.03000020980835,4.25,5.050000190734863,4.199999809265137,4.900000095367432,4.210000038146973,4.920000076293945,106305984,211651675
2021-12-24,3.514112949371338,4.668097496032715,4.210000038146973,4.940000057220459,4.260000228881836,5.050000190734863,4.199999809265137,4.929999828338623,4.25,5.039999961853027,73779514,107186965
2021-12-27,3.5475010871887207,4.677546501159668,4.25,4.949999809265137,4.25,5.0,4.199999809265137,4.920000076293945,4.210000038146973,4.920000076293945,102619963,77364082
2021-12-28,3.539153814315796,4.658647537231445,4.239999771118164,4.929999828338623,4.269999980926514,5.019999980926514,4.21999979019165,4.909999847412109,4.260000228881836,5.0,84063243,114325369
2021-12-29,3.539153814315796,4.639748573303223,4.239999771118164,4.909999847412109,4.25,4.940000057220459,4.210000038146973,4.900000095367432,4.239999771118164,4.929999828338623,64788133,75112809
2021-12-30,3.5224595069885254,4.630299091339111,4.21999979019165,4.900000095367432,4.239999771118164,4.949999809265137,4.21999979019165,4.900000095367432,4.230000019073486,4.920000076293945,89446224,90608053
2021-12-31,3.5308070182800293,4.639748573303223,4.230000019073486,4.909999847412109,4.239999771118164,4.929999828338623,4.210000038146973,4.880000114440918,4.21999979019165,4.900000095367432,70121411,74548057
